 This is the serial version of the code

 The execution started at 17h 17min on the 12/ 4/2024

    ===========================================================
    !                                                         !
    !                        Do N O F                         !
    !                                                         !
    !  (Donostia Natural Orbital Functional Software Program) !
    !                                                         !
    !               COPYRIGHT by Mario Piris                  !
    !                                                         !
    !      Donostia International Physics Center (DIPC)       !
    !       University of the Basque Country (UPV/EHU)        !
    !       Basque Foundation for Science (IKERBASQUE)        !
    !                                                         !
    !          GNU General Public License version 3           !
    !                                                         !
    !                  VERSION: Mayo 2024                     !
    !                                                         !
    ===========================================================

 Run Title
 ---------
 p30-5 set                                                                       

 Basis Set
 ---------
 /home/ion/P30-20/pnof7/def2-svp.bas                                             

 Atom      Charge                Coordinates (Bohr)
                           x             y             z
 LI          3.0        0.0000        0.0000       -1.5080
 H           1.0        0.0000        0.0000        1.5080

 Atomic Basis Set
 ----------------
 The contracted primitive functions were unnormalized
 The contracted basis functions are now normalized to unity

  Shell Type  Primitive         Exponent  Contraction Coefficient

 LI        
 
      1   S       1           266.2778552    0.006354286535
      1   S       2            40.0697834    0.046734889363
      1   S       3             9.0559944    0.198387923560
      1   S       4             2.4503009    0.475753833454
      1   S       5             0.7220957    0.427014289368
 
      2   S       6             0.0528109    1.000000000000
 
      3   S       7             0.0209609    1.000000000000
 
      4   P       8             1.4500000    0.224912327222
      4   P       9             0.3000000    0.869730577039
 
      5   P      10             0.0820000    1.000000000000

 H         
 
      6   S      11            13.0107010    0.033485484813
      6   S      12             1.9622572    0.234721870881
      6   S      13             0.4445380    0.813770285260
 
      7   S      14             0.1219496    1.000000000000
 
      8   P      15             0.8000000    1.000000000000

 Total Number of Basis Set Shells             =    8
 Total Number of Primitives                   =   15
 Number of Cartesian Gaussian Basis Functions =   14
 Number of Electrons                          =    4
 Charge of Molecule                           =    0
 Spin Multiplicity                            =    1
 Number of Occupied Orbitals (Alpha)          =    2
 Number of Occupied Orbitals (Beta )          =    2
 Total Number of Atoms                        =    2

 Input Run Options
 -----------------
 IRUNTYP = 1  MULT = 1  ICHARG =  0 IECP = 0  IEMOM = 1  UNITS = ANGS    

 Integral Options
 ----------------
 CUTOFF = 1.0E-09   ISCHWZ = 0   ERITYP = FULL

 Input NOF Options
 -----------------

 Type of calculation =    Coeff. Opt.:   (ICOEF)         1
 Use Softmax function for Occ. Opt.:     (ISOFTMAX)      1
 Type of Orb. Opt. = Orbital Rotations:  (IORBOPT)       4
 Maximum Number of Occ-Coef Outer Iter.: (MAXIT)      1000

 Natural Orbital Functional Selected:    (IPNOF)         7
 
 Restart calculation Option:             (RESTART)       T
 Orthogonalize the initial Orbitals:     (ORTHO)         T

 Output Option:                          (NPRINT)        0
 Output the Coefficient Matrix:          (IWRITEC)       0
 Do a Mulliken Population Analysis:      (IMULPOP)       0
 Write Information into a WFN file:      (IAIMPAC)       1
 Write Information into a FCHK file:     (IFCHK)         1
 Write Information into a MLP file:      (MOLDEN)        1
 Create Ini. Cond. (ini.xyz) file:       (INICOND)       1
 Calculate IPs using Ext. Koopmans Theo: (IEKT)          0
 Write APSG expansion coefficient file:  (APSG)          F
 Output option for Lagrange Multipliers: (PRINTLAG)      F
 Diagonalize matrix of Lag. Multipliers: (DIAGLAG)       F

 Nuclear Coordinates from GCF file:
 ----------------------------------

 Atom      Charge                Coordinates (Bohr)
                           x             y             z
 LI       3.00000        0.0000        0.0000       -1.5080
 H        1.00000        0.0000        0.0000        1.5080

------------------------------------------------------------------------

 Orbital Space
 -------------

 Inactive Doubly occupied orbitals up to NO1  =    0
 No. considered Strongly Doubly occupied MOs  =    2
 No. considered Strongly Singly occupied MOs  =    0
 No. of Weakly occ. per St. Doubly occ.  MOs  =    6
 Dimension of the Active Nat. Orb. subspace   =   14
 Secondary Empty orbitals                     =    0

 1e- integrals
 -------------
 Time to do integrals =      0.00

 2e- integrals
 -------------
 DONTW option skips storage 2e- integrals on Unit 1
                1667 2e- integrals in     1 records
 Time to do integrals =      0.00

 No violations of the orthonormality


  RESULTS OF OCCUPATION-COEFFICIENT OPTIMIZATION
 ================================================

  Ex It  Occ Time  Orb Time  Orb It   Electronic Energy     Total Energy   Energy Convergency    Max Mul-Lag Diff

    1    2.9E-03   1.1E-03       0                NaN                 NaN              NaN           0.000000
    2    1.9E-03   5.9E-04       0                NaN                 NaN              NaN           0.000000
    3    1.5E-03   6.0E-04       0                NaN                 NaN              NaN           0.000000
    4    1.5E-03   5.9E-04       0                NaN                 NaN              NaN           0.000000
    5    1.5E-03   5.9E-04       0                NaN                 NaN              NaN           0.000000
    6    1.5E-03   5.9E-04       0                NaN                 NaN              NaN           0.000000
    7    1.5E-03   5.9E-04       0                NaN                 NaN              NaN           0.000000
    8    1.5E-03   5.9E-04       0                NaN                 NaN              NaN           0.000000
    9    1.5E-03   5.9E-04       0                NaN                 NaN              NaN           0.000000
   10    1.5E-03   5.9E-04       0                NaN                 NaN              NaN           0.000000
   11    1.5E-03   5.9E-04       0                NaN                 NaN              NaN           0.000000
   12    1.5E-03   5.9E-04       0                NaN                 NaN              NaN           0.000000
   13    1.6E-03   5.9E-04       0                NaN                 NaN              NaN           0.000000
   14    1.5E-03   5.9E-04       0                NaN                 NaN              NaN           0.000000
   15    1.5E-03   5.9E-04       0                NaN                 NaN              NaN           0.000000
   16    1.5E-03   5.9E-04       0                NaN                 NaN              NaN           0.000000
   17    1.5E-03   5.9E-04       0                NaN                 NaN              NaN           0.000000
   18    1.5E-03   5.9E-04       0                NaN                 NaN              NaN           0.000000
   19    1.5E-03   5.9E-04       0                NaN                 NaN              NaN           0.000000
   20    1.5E-03   5.9E-04       0                NaN                 NaN              NaN           0.000000
   21    1.5E-03   5.9E-04       0                NaN                 NaN              NaN           0.000000
   22    1.5E-03   5.9E-04       0                NaN                 NaN              NaN           0.000000
   23    1.5E-03   5.9E-04       0                NaN                 NaN              NaN           0.000000
   24    1.5E-03   5.9E-04       0                NaN                 NaN              NaN           0.000000
   25    1.5E-03   5.9E-04       0                NaN                 NaN              NaN           0.000000
   26    1.5E-03   5.9E-04       0                NaN                 NaN              NaN           0.000000
   27    1.5E-03   5.9E-04       0                NaN                 NaN              NaN           0.000000
   28    1.5E-03   5.9E-04       0                NaN                 NaN              NaN           0.000000
   29    1.5E-03   5.9E-04       0                NaN                 NaN              NaN           0.000000
   30    1.5E-03   5.9E-04       0                NaN                 NaN              NaN           0.000000
   31    1.5E-03   5.9E-04       0                NaN                 NaN              NaN           0.000000
   32    1.5E-03   5.9E-04       0                NaN                 NaN              NaN           0.000000
   33    1.5E-03   5.9E-04       0                NaN                 NaN              NaN           0.000000
   34    1.5E-03   5.9E-04       0                NaN                 NaN              NaN           0.000000
   35    1.5E-03   5.9E-04       0                NaN                 NaN              NaN           0.000000
   36    1.5E-03   5.9E-04       0                NaN                 NaN              NaN           0.000000
   37    1.5E-03   5.9E-04       0                NaN                 NaN              NaN           0.000000
   38    1.5E-03   5.9E-04       0                NaN                 NaN              NaN           0.000000
   39    1.5E-03   6.0E-04       0                NaN                 NaN              NaN           0.000000
   40    1.5E-03   5.9E-04       0                NaN                 NaN              NaN           0.000000
   41    1.5E-03   5.9E-04       0                NaN                 NaN              NaN           0.000000
   42    1.5E-03   5.8E-04       0                NaN                 NaN              NaN           0.000000
   43    1.5E-03   5.9E-04       0                NaN                 NaN              NaN           0.000000
   44    1.5E-03   5.9E-04       0                NaN                 NaN              NaN           0.000000
   45    1.5E-03   5.9E-04       0                NaN                 NaN              NaN           0.000000
   46    1.5E-03   5.9E-04       0                NaN                 NaN              NaN           0.000000
   47    1.5E-03   5.9E-04       0                NaN                 NaN              NaN           0.000000
   48    1.5E-03   5.9E-04       0                NaN                 NaN              NaN           0.000000
   49    1.5E-03   5.9E-04       0                NaN                 NaN              NaN           0.000000
   50    1.5E-03   5.9E-04       0                NaN                 NaN              NaN           0.000000
   51    1.5E-03   5.9E-04       0                NaN                 NaN              NaN           0.000000
   52    1.5E-03   6.1E-04       0                NaN                 NaN              NaN           0.000000
   53    1.4E-03   4.4E-04       0                NaN                 NaN              NaN           0.000000
   54    1.2E-03   4.4E-04       0                NaN                 NaN              NaN           0.000000
   55    1.2E-03   4.4E-04       0                NaN                 NaN              NaN           0.000000
   56    1.1E-03   4.4E-04       0                NaN                 NaN              NaN           0.000000
   57    1.1E-03   5.3E-04       0                NaN                 NaN              NaN           0.000000
   58    1.2E-03   4.5E-04       0                NaN                 NaN              NaN           0.000000
   59    1.2E-03   4.4E-04       0                NaN                 NaN              NaN           0.000000
   60    1.2E-03   4.5E-04       0                NaN                 NaN              NaN           0.000000
   61    1.2E-03   4.4E-04       0                NaN                 NaN              NaN           0.000000
   62    1.2E-03   5.0E-04       0                NaN                 NaN              NaN           0.000000
   63    1.1E-03   4.4E-04       0                NaN                 NaN              NaN           0.000000
   64    1.2E-03   4.4E-04       0                NaN                 NaN              NaN           0.000000
   65    1.3E-03   4.4E-04       0                NaN                 NaN              NaN           0.000000
   66    1.2E-03   4.4E-04       0                NaN                 NaN              NaN           0.000000
   67    1.2E-03   4.7E-04       0                NaN                 NaN              NaN           0.000000
   68    1.2E-03   4.5E-04       0                NaN                 NaN              NaN           0.000000
   69    1.1E-03   4.4E-04       0                NaN                 NaN              NaN           0.000000
   70    1.2E-03   4.4E-04       0                NaN                 NaN              NaN           0.000000
   71    1.2E-03   4.4E-04       0                NaN                 NaN              NaN           0.000000
   72    1.3E-03   4.4E-04       0                NaN                 NaN              NaN           0.000000
   73    1.2E-03   4.4E-04       0                NaN                 NaN              NaN           0.000000
   74    1.1E-03   4.9E-04       0                NaN                 NaN              NaN           0.000000
   75    1.2E-03   4.4E-04       0                NaN                 NaN              NaN           0.000000
   76    1.2E-03   4.5E-04       0                NaN                 NaN              NaN           0.000000
   77    1.3E-03   4.4E-04       0                NaN                 NaN              NaN           0.000000
   78    1.2E-03   4.5E-04       0                NaN                 NaN              NaN           0.000000
   79    1.2E-03   5.0E-04       0                NaN                 NaN              NaN           0.000000
   80    1.2E-03   4.4E-04       0                NaN                 NaN              NaN           0.000000
   81    1.1E-03   4.4E-04       0                NaN                 NaN              NaN           0.000000
   82    1.2E-03   4.4E-04       0                NaN                 NaN              NaN           0.000000
   83    1.2E-03   4.4E-04       0                NaN                 NaN              NaN           0.000000
   84    1.2E-03   4.8E-04       0                NaN                 NaN              NaN           0.000000
   85    1.2E-03   4.5E-04       0                NaN                 NaN              NaN           0.000000
   86    1.1E-03   4.4E-04       0                NaN                 NaN              NaN           0.000000
   87    1.3E-03   4.4E-04       0                NaN                 NaN              NaN           0.000000
   88    1.2E-03   4.5E-04       0                NaN                 NaN              NaN           0.000000
   89    1.2E-03   4.7E-04       0                NaN                 NaN              NaN           0.000000
   90    1.2E-03   4.4E-04       0                NaN                 NaN              NaN           0.000000
   91    1.1E-03   4.4E-04       0                NaN                 NaN              NaN           0.000000
   92    1.2E-03   4.4E-04       0                NaN                 NaN              NaN           0.000000
   93    1.2E-03   4.5E-04       0                NaN                 NaN              NaN           0.000000
   94    1.2E-03   4.4E-04       0                NaN                 NaN              NaN           0.000000
   95    1.2E-03   4.4E-04       0                NaN                 NaN              NaN           0.000000
   96    1.1E-03   4.7E-04       0                NaN                 NaN              NaN           0.000000
   97    1.2E-03   4.7E-04       0                NaN                 NaN              NaN           0.000000
   98    1.1E-03   4.5E-04       0                NaN                 NaN              NaN           0.000000
   99    1.2E-03   4.5E-04       0                NaN                 NaN              NaN           0.000000
  100    1.2E-03   4.4E-04       0                NaN                 NaN              NaN           0.000000
  101    1.1E-03   4.9E-04       0                NaN                 NaN              NaN           0.000000
  102    1.2E-03   4.4E-04       0                NaN                 NaN              NaN           0.000000
  103    1.1E-03   4.4E-04       0                NaN                 NaN              NaN           0.000000
  104    1.2E-03   4.5E-04       0                NaN                 NaN              NaN           0.000000
  105    1.2E-03   4.8E-04       0                NaN                 NaN              NaN           0.000000
  106    1.2E-03   5.3E-04       0                NaN                 NaN              NaN           0.000000
  107    1.2E-03   4.4E-04       0                NaN                 NaN              NaN           0.000000
  108    1.1E-03   4.4E-04       0                NaN                 NaN              NaN           0.000000
  109    1.3E-03   4.4E-04       0                NaN                 NaN              NaN           0.000000
  110    1.2E-03   4.4E-04       0                NaN                 NaN              NaN           0.000000
  111    1.2E-03   4.7E-04       0                NaN                 NaN              NaN           0.000000
  112    1.2E-03   4.4E-04       0                NaN                 NaN              NaN           0.000000
  113    1.1E-03   4.4E-04       0                NaN                 NaN              NaN           0.000000
  114    1.2E-03   4.4E-04       0                NaN                 NaN              NaN           0.000000
  115    1.1E-03   4.4E-04       0                NaN                 NaN              NaN           0.000000
  116    1.2E-03   4.4E-04       0                NaN                 NaN              NaN           0.000000
  117    1.2E-03   4.4E-04       0                NaN                 NaN              NaN           0.000000
  118    1.1E-03   4.4E-04       0                NaN                 NaN              NaN           0.000000
  119    1.2E-03   4.4E-04       0                NaN                 NaN              NaN           0.000000
  120    1.1E-03   4.4E-04       0                NaN                 NaN              NaN           0.000000
  121    1.3E-03   4.8E-04       0                NaN                 NaN              NaN           0.000000
  122    1.2E-03   4.4E-04       0                NaN                 NaN              NaN           0.000000
  123    1.1E-03   5.2E-04       0                NaN                 NaN              NaN           0.000000
  124    1.2E-03   4.5E-04       0                NaN                 NaN              NaN           0.000000
  125    1.1E-03   4.5E-04       0                NaN                 NaN              NaN           0.000000
  126    1.2E-03   4.4E-04       0                NaN                 NaN              NaN           0.000000
  127    1.2E-03   4.4E-04       0                NaN                 NaN              NaN           0.000000
  128    1.1E-03   5.1E-04       0                NaN                 NaN              NaN           0.000000
  129    1.2E-03   4.4E-04       0                NaN                 NaN              NaN           0.000000
  130    1.1E-03   4.4E-04       0                NaN                 NaN              NaN           0.000000
  131    1.2E-03   4.5E-04       0                NaN                 NaN              NaN           0.000000
  132    1.2E-03   4.5E-04       0                NaN                 NaN              NaN           0.000000
  133    1.2E-03   5.2E-04       0                NaN                 NaN              NaN           0.000000
  134    1.2E-03   4.4E-04       0                NaN                 NaN              NaN           0.000000
  135    1.1E-03   4.4E-04       0                NaN                 NaN              NaN           0.000000
  136    1.3E-03   4.5E-04       0                NaN                 NaN              NaN           0.000000
  137    1.1E-03   4.5E-04       0                NaN                 NaN              NaN           0.000000
  138    1.2E-03   4.5E-04       0                NaN                 NaN              NaN           0.000000
  139    1.2E-03   4.4E-04       0                NaN                 NaN              NaN           0.000000
  140    1.2E-03   4.8E-04       0                NaN                 NaN              NaN           0.000000
  141    1.2E-03   4.4E-04       0                NaN                 NaN              NaN           0.000000
  142    1.1E-03   4.4E-04       0                NaN                 NaN              NaN           0.000000
  143    1.2E-03   4.4E-04       0                NaN                 NaN              NaN           0.000000
  144    1.1E-03   4.4E-04       0                NaN                 NaN              NaN           0.000000
  145    1.1E-03   4.9E-04       0                NaN                 NaN              NaN           0.000000
  146    1.2E-03   4.5E-04       0                NaN                 NaN              NaN           0.000000
  147    1.1E-03   4.4E-04       0                NaN                 NaN              NaN           0.000000
  148    1.3E-03   4.4E-04       0                NaN                 NaN              NaN           0.000000
  149    1.1E-03   4.5E-04       0                NaN                 NaN              NaN           0.000000
  150    1.2E-03   4.8E-04       0                NaN                 NaN              NaN           0.000000
  151    1.2E-03   4.4E-04       0                NaN                 NaN              NaN           0.000000
  152    1.1E-03   4.5E-04       0                NaN                 NaN              NaN           0.000000
  153    1.2E-03   4.4E-04       0                NaN                 NaN              NaN           0.000000
  154    1.1E-03   4.5E-04       0                NaN                 NaN              NaN           0.000000
  155    1.2E-03   4.7E-04       0                NaN                 NaN              NaN           0.000000
  156    1.2E-03   4.4E-04       0                NaN                 NaN              NaN           0.000000
  157    1.1E-03   4.4E-04       0                NaN                 NaN              NaN           0.000000
  158    1.2E-03   4.5E-04       0                NaN                 NaN              NaN           0.000000
  159    1.1E-03   4.4E-04       0                NaN                 NaN              NaN           0.000000
  160    1.3E-03   4.4E-04       0                NaN                 NaN              NaN           0.000000
  161    1.1E-03   4.4E-04       0                NaN                 NaN              NaN           0.000000
  162    1.3E-03   4.8E-04       0                NaN                 NaN              NaN           0.000000
  163    1.2E-03   4.4E-04       0                NaN                 NaN              NaN           0.000000
  164    1.1E-03   4.5E-04       0                NaN                 NaN              NaN           0.000000
  165    1.2E-03   4.4E-04       0                NaN                 NaN              NaN           0.000000
  166    1.1E-03   4.4E-04       0                NaN                 NaN              NaN           0.000000
  167    1.1E-03   5.0E-04       0                NaN                 NaN              NaN           0.000000
  168    1.2E-03   4.4E-04       0                NaN                 NaN              NaN           0.000000
  169    1.1E-03   4.4E-04       0                NaN                 NaN              NaN           0.000000
  170    1.2E-03   4.4E-04       0                NaN                 NaN              NaN           0.000000
  171    1.1E-03   4.4E-04       0                NaN                 NaN              NaN           0.000000
  172    1.2E-03   5.2E-04       0                NaN                 NaN              NaN           0.000000
  173    1.2E-03   4.6E-04       0                NaN                 NaN              NaN           0.000000
  174    1.2E-03   4.4E-04       0                NaN                 NaN              NaN           0.000000
  175    1.2E-03   4.4E-04       0                NaN                 NaN              NaN           0.000000
  176    1.1E-03   4.5E-04       0                NaN                 NaN              NaN           0.000000
  177    1.2E-03   4.7E-04       0                NaN                 NaN              NaN           0.000000
  178    1.2E-03   4.4E-04       0                NaN                 NaN              NaN           0.000000
  179    1.1E-03   4.4E-04       0                NaN                 NaN              NaN           0.000000
  180    1.3E-03   5.0E-04       0                NaN                 NaN              NaN           0.000000
  181    1.3E-03   4.8E-04       0                NaN                 NaN              NaN           0.000000
  182    1.4E-03   4.5E-04       0                NaN                 NaN              NaN           0.000000
  183    1.1E-03   4.5E-04       0                NaN                 NaN              NaN           0.000000
  184    1.1E-03   5.4E-04       0                NaN                 NaN              NaN           0.000000
  185    1.2E-03   4.4E-04       0                NaN                 NaN              NaN           0.000000
  186    1.1E-03   4.4E-04       0                NaN                 NaN              NaN           0.000000
  187    1.2E-03   4.5E-04       0                NaN                 NaN              NaN           0.000000
  188    1.1E-03   4.4E-04       0                NaN                 NaN              NaN           0.000000
  189    1.2E-03   5.0E-04       0                NaN                 NaN              NaN           0.000000
  190    1.2E-03   4.4E-04       0                NaN                 NaN              NaN           0.000000
  191    1.1E-03   4.4E-04       0                NaN                 NaN              NaN           0.000000
  192    1.2E-03   4.5E-04       0                NaN                 NaN              NaN           0.000000
  193    1.1E-03   4.5E-04       0                NaN                 NaN              NaN           0.000000
  194    1.3E-03   4.4E-04       0                NaN                 NaN              NaN           0.000000
  195    1.2E-03   4.5E-04       0                NaN                 NaN              NaN           0.000000
  196    1.1E-03   4.9E-04       0                NaN                 NaN              NaN           0.000000
  197    1.2E-03   4.4E-04       0                NaN                 NaN              NaN           0.000000
  198    1.1E-03   4.5E-04       0                NaN                 NaN              NaN           0.000000
  199    1.2E-03   4.4E-04       0                NaN                 NaN              NaN           0.000000
  200    1.1E-03   4.5E-04       0                NaN                 NaN              NaN           0.000000
  201    1.1E-03   5.4E-04       0                NaN                 NaN              NaN           0.000000
  202    1.2E-03   4.5E-04       0                NaN                 NaN              NaN           0.000000
  203    1.1E-03   4.4E-04       0                NaN                 NaN              NaN           0.000000
  204    1.2E-03   4.5E-04       0                NaN                 NaN              NaN           0.000000
  205    1.1E-03   4.5E-04       0                NaN                 NaN              NaN           0.000000
  206    1.2E-03   5.1E-04       0                NaN                 NaN              NaN           0.000000
  207    1.2E-03   4.4E-04       0                NaN                 NaN              NaN           0.000000
  208    1.1E-03   4.4E-04       0                NaN                 NaN              NaN           0.000000
  209    1.3E-03   4.4E-04       0                NaN                 NaN              NaN           0.000000
  210    1.1E-03   4.4E-04       0                NaN                 NaN              NaN           0.000000
  211    1.2E-03   4.5E-04       0                NaN                 NaN              NaN           0.000000
  212    1.1E-03   4.4E-04       0                NaN                 NaN              NaN           0.000000
  213    1.1E-03   4.5E-04       0                NaN                 NaN              NaN           0.000000
  214    1.2E-03   4.4E-04       0                NaN                 NaN              NaN           0.000000
  215    1.1E-03   4.4E-04       0                NaN                 NaN              NaN           0.000000
  216    1.2E-03   4.4E-04       0                NaN                 NaN              NaN           0.000000
  217    1.1E-03   4.4E-04       0                NaN                 NaN              NaN           0.000000
  218    1.1E-03   4.8E-04       0                NaN                 NaN              NaN           0.000000
  219    1.2E-03   4.4E-04       0                NaN                 NaN              NaN           0.000000
  220    1.1E-03   4.4E-04       0                NaN                 NaN              NaN           0.000000
  221    1.2E-03   4.4E-04       0                NaN                 NaN              NaN           0.000000
  222    1.1E-03   4.4E-04       0                NaN                 NaN              NaN           0.000000
  223    1.2E-03   5.5E-04       0                NaN                 NaN              NaN           0.000000
  224    1.2E-03   4.4E-04       0                NaN                 NaN              NaN           0.000000
  225    1.1E-03   4.5E-04       0                NaN                 NaN              NaN           0.000000
  226    1.2E-03   4.4E-04       0                NaN                 NaN              NaN           0.000000
  227    1.1E-03   4.5E-04       0                NaN                 NaN              NaN           0.000000
  228    1.2E-03   4.9E-04       0                NaN                 NaN              NaN           0.000000
  229    1.2E-03   4.5E-04       0                NaN                 NaN              NaN           0.000000
  230    1.1E-03   4.5E-04       0                NaN                 NaN              NaN           0.000000
  231    1.2E-03   4.4E-04       0                NaN                 NaN              NaN           0.000000
  232    1.1E-03   4.4E-04       0                NaN                 NaN              NaN           0.000000
  233    1.2E-03   4.9E-04       0                NaN                 NaN              NaN           0.000000
  234    1.1E-03   4.4E-04       0                NaN                 NaN              NaN           0.000000
  235    1.1E-03   4.4E-04       0                NaN                 NaN              NaN           0.000000
  236    1.3E-03   4.5E-04       0                NaN                 NaN              NaN           0.000000
  237    1.1E-03   4.4E-04       0                NaN                 NaN              NaN           0.000000
  238    1.2E-03   4.4E-04       0                NaN                 NaN              NaN           0.000000
  239    1.2E-03   4.5E-04       0                NaN                 NaN              NaN           0.000000
  240    1.2E-03   4.8E-04       0                NaN                 NaN              NaN           0.000000
  241    1.2E-03   4.5E-04       0                NaN                 NaN              NaN           0.000000
  242    1.1E-03   4.5E-04       0                NaN                 NaN              NaN           0.000000
  243    1.2E-03   4.7E-04       0                NaN                 NaN              NaN           0.000000
  244    1.1E-03   4.4E-04       0                NaN                 NaN              NaN           0.000000
  245    1.2E-03   5.3E-04       0                NaN                 NaN              NaN           0.000000
  246    1.1E-03   4.4E-04       0                NaN                 NaN              NaN           0.000000
  247    1.1E-03   4.5E-04       0                NaN                 NaN              NaN           0.000000
  248    1.3E-03   4.5E-04       0                NaN                 NaN              NaN           0.000000
  249    1.1E-03   4.5E-04       0                NaN                 NaN              NaN           0.000000
  250    1.2E-03   4.8E-04       0                NaN                 NaN              NaN           0.000000
  251    1.1E-03   4.4E-04       0                NaN                 NaN              NaN           0.000000
  252    1.2E-03   4.4E-04       0                NaN                 NaN              NaN           0.000000
  253    1.2E-03   4.4E-04       0                NaN                 NaN              NaN           0.000000
  254    1.1E-03   4.4E-04       0                NaN                 NaN              NaN           0.000000
  255    1.2E-03   4.7E-04       0                NaN                 NaN              NaN           0.000000
  256    1.1E-03   4.4E-04       0                NaN                 NaN              NaN           0.000000
  257    1.2E-03   4.5E-04       0                NaN                 NaN              NaN           0.000000
  258    1.2E-03   4.4E-04       0                NaN                 NaN              NaN           0.000000
  259    1.1E-03   4.4E-04       0                NaN                 NaN              NaN           0.000000
  260    1.3E-03   4.4E-04       0                NaN                 NaN              NaN           0.000000
  261    1.1E-03   4.4E-04       0                NaN                 NaN              NaN           0.000000
  262    1.1E-03   4.7E-04       0                NaN                 NaN              NaN           0.000000
  263    1.2E-03   4.4E-04       0                NaN                 NaN              NaN           0.000000
  264    1.1E-03   4.4E-04       0                NaN                 NaN              NaN           0.000000
  265    1.2E-03   4.5E-04       0                NaN                 NaN              NaN           0.000000
  266    1.1E-03   4.4E-04       0                NaN                 NaN              NaN           0.000000
  267    1.2E-03   4.9E-04       0                NaN                 NaN              NaN           0.000000
  268    1.2E-03   4.4E-04       0                NaN                 NaN              NaN           0.000000
  269    1.1E-03   4.4E-04       0                NaN                 NaN              NaN           0.000000
  270    1.2E-03   4.4E-04       0                NaN                 NaN              NaN           0.000000
  271    1.1E-03   4.5E-04       0                NaN                 NaN              NaN           0.000000
  272    1.1E-03   5.5E-04       0                NaN                 NaN              NaN           0.000000
  273    1.2E-03   4.5E-04       0                NaN                 NaN              NaN           0.000000
  274    1.2E-03   4.5E-04       0                NaN                 NaN              NaN           0.000000
  275    1.2E-03   4.4E-04       0                NaN                 NaN              NaN           0.000000
  276    1.1E-03   4.4E-04       0                NaN                 NaN              NaN           0.000000
  277    1.2E-03   4.9E-04       0                NaN                 NaN              NaN           0.000000
  278    1.2E-03   4.4E-04       0                NaN                 NaN              NaN           0.000000
  279    1.1E-03   4.4E-04       0                NaN                 NaN              NaN           0.000000
  280    1.2E-03   4.4E-04       0                NaN                 NaN              NaN           0.000000
  281    1.1E-03   4.4E-04       0                NaN                 NaN              NaN           0.000000
  282    1.2E-03   4.8E-04       0                NaN                 NaN              NaN           0.000000
  283    1.1E-03   4.4E-04       0                NaN                 NaN              NaN           0.000000
  284    1.2E-03   4.5E-04       0                NaN                 NaN              NaN           0.000000
  285    1.2E-03   4.5E-04       0                NaN                 NaN              NaN           0.000000
  286    1.1E-03   4.4E-04       0                NaN                 NaN              NaN           0.000000
  287    1.2E-03   4.5E-04       0                NaN                 NaN              NaN           0.000000
  288    1.1E-03   4.4E-04       0                NaN                 NaN              NaN           0.000000
  289    1.2E-03   5.5E-04       0                NaN                 NaN              NaN           0.000000
  290    1.3E-03   4.8E-04       0                NaN                 NaN              NaN           0.000000
  291    1.2E-03   4.9E-04       0                NaN                 NaN              NaN           0.000000
  292    1.2E-03   4.4E-04       0                NaN                 NaN              NaN           0.000000
  293    1.2E-03   4.4E-04       0                NaN                 NaN              NaN           0.000000
  294    1.2E-03   4.8E-04       0                NaN                 NaN              NaN           0.000000
  295    1.1E-03   4.4E-04       0                NaN                 NaN              NaN           0.000000
  296    1.2E-03   4.4E-04       0                NaN                 NaN              NaN           0.000000
  297    1.3E-03   4.5E-04       0                NaN                 NaN              NaN           0.000000
  298    1.1E-03   4.4E-04       0                NaN                 NaN              NaN           0.000000
  299    1.2E-03   4.4E-04       0                NaN                 NaN              NaN           0.000000
  300    1.1E-03   4.4E-04       0                NaN                 NaN              NaN           0.000000
  301    1.1E-03   4.9E-04       0                NaN                 NaN              NaN           0.000000
  302    1.2E-03   4.5E-04       0                NaN                 NaN              NaN           0.000000
  303    1.2E-03   4.4E-04       0                NaN                 NaN              NaN           0.000000
  304    1.2E-03   4.4E-04       0                NaN                 NaN              NaN           0.000000
  305    1.1E-03   4.4E-04       0                NaN                 NaN              NaN           0.000000
  306    1.2E-03   4.9E-04       0                NaN                 NaN              NaN           0.000000
  307    1.2E-03   4.4E-04       0                NaN                 NaN              NaN           0.000000
  308    1.2E-03   4.4E-04       0                NaN                 NaN              NaN           0.000000
  309    1.3E-03   4.4E-04       0                NaN                 NaN              NaN           0.000000
  310    1.1E-03   4.4E-04       0                NaN                 NaN              NaN           0.000000
  311    1.2E-03   5.0E-04       0                NaN                 NaN              NaN           0.000000
  312    1.1E-03   4.7E-04       0                NaN                 NaN              NaN           0.000000
  313    1.2E-03   4.5E-04       0                NaN                 NaN              NaN           0.000000
  314    1.2E-03   4.4E-04       0                NaN                 NaN              NaN           0.000000
  315    1.1E-03   4.5E-04       0                NaN                 NaN              NaN           0.000000
  316    1.2E-03   4.7E-04       0                NaN                 NaN              NaN           0.000000
  317    1.1E-03   4.5E-04       0                NaN                 NaN              NaN           0.000000
  318    1.2E-03   4.4E-04       0                NaN                 NaN              NaN           0.000000
  319    1.2E-03   4.4E-04       0                NaN                 NaN              NaN           0.000000
  320    1.2E-03   4.4E-04       0                NaN                 NaN              NaN           0.000000
  321    1.2E-03   4.4E-04       0                NaN                 NaN              NaN           0.000000
  322    1.1E-03   4.4E-04       0                NaN                 NaN              NaN           0.000000
  323    1.1E-03   4.8E-04       0                NaN                 NaN              NaN           0.000000
  324    1.2E-03   4.4E-04       0                NaN                 NaN              NaN           0.000000
  325    1.2E-03   4.4E-04       0                NaN                 NaN              NaN           0.000000
  326    1.2E-03   4.4E-04       0                NaN                 NaN              NaN           0.000000
  327    1.1E-03   4.4E-04       0                NaN                 NaN              NaN           0.000000
  328    1.2E-03   5.2E-04       0                NaN                 NaN              NaN           0.000000
  329    1.2E-03   4.4E-04       0                NaN                 NaN              NaN           0.000000
  330    1.1E-03   4.4E-04       0                NaN                 NaN              NaN           0.000000
  331    1.3E-03   4.4E-04       0                NaN                 NaN              NaN           0.000000
  332    1.1E-03   4.4E-04       0                NaN                 NaN              NaN           0.000000
  333    1.1E-03   5.2E-04       0                NaN                 NaN              NaN           0.000000
  334    1.1E-03   4.4E-04       0                NaN                 NaN              NaN           0.000000
  335    1.1E-03   4.4E-04       0                NaN                 NaN              NaN           0.000000
  336    1.2E-03   4.4E-04       0                NaN                 NaN              NaN           0.000000
  337    1.1E-03   4.4E-04       0                NaN                 NaN              NaN           0.000000
  338    1.2E-03   4.7E-04       0                NaN                 NaN              NaN           0.000000
  339    1.1E-03   4.4E-04       0                NaN                 NaN              NaN           0.000000
  340    1.1E-03   4.4E-04       0                NaN                 NaN              NaN           0.000000
  341    1.2E-03   4.4E-04       0                NaN                 NaN              NaN           0.000000
  342    1.1E-03   4.4E-04       0                NaN                 NaN              NaN           0.000000
  343    1.2E-03   4.7E-04       0                NaN                 NaN              NaN           0.000000
  344    1.1E-03   4.4E-04       0                NaN                 NaN              NaN           0.000000
  345    1.1E-03   4.4E-04       0                NaN                 NaN              NaN           0.000000
  346    1.2E-03   4.8E-04       0                NaN                 NaN              NaN           0.000000
  347    1.1E-03   4.4E-04       0                NaN                 NaN              NaN           0.000000
  348    1.2E-03   4.4E-04       0                NaN                 NaN              NaN           0.000000
  349    1.1E-03   4.4E-04       0                NaN                 NaN              NaN           0.000000
  350    1.1E-03   4.7E-04       0                NaN                 NaN              NaN           0.000000
  351    1.2E-03   4.4E-04       0                NaN                 NaN              NaN           0.000000
  352    1.1E-03   4.4E-04       0                NaN                 NaN              NaN           0.000000
  353    1.2E-03   4.4E-04       0                NaN                 NaN              NaN           0.000000
  354    1.1E-03   4.4E-04       0                NaN                 NaN              NaN           0.000000
  355    1.1E-03   4.8E-04       0                NaN                 NaN              NaN           0.000000
  356    1.2E-03   4.4E-04       0                NaN                 NaN              NaN           0.000000
  357    1.1E-03   4.4E-04       0                NaN                 NaN              NaN           0.000000
  358    1.2E-03   4.4E-04       0                NaN                 NaN              NaN           0.000000
  359    1.1E-03   4.4E-04       0                NaN                 NaN              NaN           0.000000
  360    1.1E-03   4.9E-04       0                NaN                 NaN              NaN           0.000000
  361    1.2E-03   4.4E-04       0                NaN                 NaN              NaN           0.000000
  362    1.1E-03   4.4E-04       0                NaN                 NaN              NaN           0.000000
  363    1.2E-03   4.4E-04       0                NaN                 NaN              NaN           0.000000
  364    1.1E-03   4.4E-04       0                NaN                 NaN              NaN           0.000000
  365    1.1E-03   5.0E-04       0                NaN                 NaN              NaN           0.000000
  366    1.1E-03   4.4E-04       0                NaN                 NaN              NaN           0.000000
  367    1.1E-03   4.4E-04       0                NaN                 NaN              NaN           0.000000
  368    1.2E-03   4.4E-04       0                NaN                 NaN              NaN           0.000000
  369    1.1E-03   4.4E-04       0                NaN                 NaN              NaN           0.000000
  370    1.1E-03   5.0E-04       0                NaN                 NaN              NaN           0.000000
  371    1.1E-03   4.4E-04       0                NaN                 NaN              NaN           0.000000
  372    1.1E-03   4.4E-04       0                NaN                 NaN              NaN           0.000000
  373    1.2E-03   4.4E-04       0                NaN                 NaN              NaN           0.000000
  374    1.1E-03   4.4E-04       0                NaN                 NaN              NaN           0.000000
  375    1.2E-03   4.7E-04       0                NaN                 NaN              NaN           0.000000
  376    1.2E-03   4.4E-04       0                NaN                 NaN              NaN           0.000000
  377    1.2E-03   4.4E-04       0                NaN                 NaN              NaN           0.000000
  378    1.2E-03   4.4E-04       0                NaN                 NaN              NaN           0.000000
  379    1.1E-03   4.4E-04       0                NaN                 NaN              NaN           0.000000
  380    1.2E-03   4.6E-04       0                NaN                 NaN              NaN           0.000000
  381    1.1E-03   4.4E-04       0                NaN                 NaN              NaN           0.000000
  382    1.1E-03   4.4E-04       0                NaN                 NaN              NaN           0.000000
  383    1.2E-03   4.4E-04       0                NaN                 NaN              NaN           0.000000
  384    1.1E-03   4.4E-04       0                NaN                 NaN              NaN           0.000000
  385    1.2E-03   4.4E-04       0                NaN                 NaN              NaN           0.000000
  386    1.1E-03   4.4E-04       0                NaN                 NaN              NaN           0.000000
  387    1.1E-03   4.8E-04       0                NaN                 NaN              NaN           0.000000
  388    1.2E-03   4.4E-04       0                NaN                 NaN              NaN           0.000000
  389    1.1E-03   4.4E-04       0                NaN                 NaN              NaN           0.000000
  390    1.2E-03   4.9E-04       0                NaN                 NaN              NaN           0.000000
  391    1.1E-03   4.7E-04       0                NaN                 NaN              NaN           0.000000
  392    1.2E-03   4.7E-04       0                NaN                 NaN              NaN           0.000000
  393    1.2E-03   4.4E-04       0                NaN                 NaN              NaN           0.000000
  394    1.1E-03   4.4E-04       0                NaN                 NaN              NaN           0.000000
  395    1.2E-03   4.4E-04       0                NaN                 NaN              NaN           0.000000
  396    1.1E-03   4.4E-04       0                NaN                 NaN              NaN           0.000000
  397    1.1E-03   4.8E-04       0                NaN                 NaN              NaN           0.000000
  398    1.2E-03   4.4E-04       0                NaN                 NaN              NaN           0.000000
  399    1.1E-03   4.4E-04       0                NaN                 NaN              NaN           0.000000
  400    1.2E-03   4.4E-04       0                NaN                 NaN              NaN           0.000000
  401    1.1E-03   4.4E-04       0                NaN                 NaN              NaN           0.000000
  402    1.1E-03   5.0E-04       0                NaN                 NaN              NaN           0.000000
  403    1.1E-03   4.4E-04       0                NaN                 NaN              NaN           0.000000
  404    1.1E-03   4.4E-04       0                NaN                 NaN              NaN           0.000000
  405    1.2E-03   4.4E-04       0                NaN                 NaN              NaN           0.000000
  406    1.1E-03   4.4E-04       0                NaN                 NaN              NaN           0.000000
  407    1.1E-03   5.0E-04       0                NaN                 NaN              NaN           0.000000
  408    1.1E-03   4.4E-04       0                NaN                 NaN              NaN           0.000000
  409    1.1E-03   4.4E-04       0                NaN                 NaN              NaN           0.000000
  410    1.2E-03   4.4E-04       0                NaN                 NaN              NaN           0.000000
  411    1.1E-03   4.4E-04       0                NaN                 NaN              NaN           0.000000
  412    1.2E-03   4.7E-04       0                NaN                 NaN              NaN           0.000000
  413    1.1E-03   4.4E-04       0                NaN                 NaN              NaN           0.000000
  414    1.2E-03   4.7E-04       0                NaN                 NaN              NaN           0.000000
  415    1.2E-03   4.4E-04       0                NaN                 NaN              NaN           0.000000
  416    1.1E-03   4.4E-04       0                NaN                 NaN              NaN           0.000000
  417    1.2E-03   4.7E-04       0                NaN                 NaN              NaN           0.000000
  418    1.1E-03   4.4E-04       0                NaN                 NaN              NaN           0.000000
  419    1.1E-03   4.4E-04       0                NaN                 NaN              NaN           0.000000
  420    1.2E-03   4.4E-04       0                NaN                 NaN              NaN           0.000000
  421    1.1E-03   4.4E-04       0                NaN                 NaN              NaN           0.000000
  422    1.2E-03   4.6E-04       0                NaN                 NaN              NaN           0.000000
  423    1.1E-03   4.4E-04       0                NaN                 NaN              NaN           0.000000
  424    1.1E-03   4.4E-04       0                NaN                 NaN              NaN           0.000000
  425    1.2E-03   4.4E-04       0                NaN                 NaN              NaN           0.000000
  426    1.1E-03   4.4E-04       0                NaN                 NaN              NaN           0.000000
  427    1.2E-03   4.4E-04       0                NaN                 NaN              NaN           0.000000
  428    1.1E-03   4.4E-04       0                NaN                 NaN              NaN           0.000000
  429    1.1E-03   4.7E-04       0                NaN                 NaN              NaN           0.000000
  430    1.2E-03   4.7E-04       0                NaN                 NaN              NaN           0.000000
  431    1.2E-03   4.4E-04       0                NaN                 NaN              NaN           0.000000
  432    1.2E-03   4.4E-04       0                NaN                 NaN              NaN           0.000000
  433    1.1E-03   4.4E-04       0                NaN                 NaN              NaN           0.000000
  434    1.1E-03   4.8E-04       0                NaN                 NaN              NaN           0.000000
  435    1.2E-03   4.4E-04       0                NaN                 NaN              NaN           0.000000
  436    1.1E-03   4.9E-04       0                NaN                 NaN              NaN           0.000000
  437    1.2E-03   4.4E-04       0                NaN                 NaN              NaN           0.000000
  438    1.1E-03   4.4E-04       0                NaN                 NaN              NaN           0.000000
  439    1.1E-03   5.0E-04       0                NaN                 NaN              NaN           0.000000
  440    1.1E-03   4.4E-04       0                NaN                 NaN              NaN           0.000000
  441    1.1E-03   4.4E-04       0                NaN                 NaN              NaN           0.000000
  442    1.2E-03   4.4E-04       0                NaN                 NaN              NaN           0.000000
  443    1.1E-03   4.4E-04       0                NaN                 NaN              NaN           0.000000
  444    1.1E-03   5.0E-04       0                NaN                 NaN              NaN           0.000000
  445    1.1E-03   4.4E-04       0                NaN                 NaN              NaN           0.000000
  446    1.1E-03   4.4E-04       0                NaN                 NaN              NaN           0.000000
  447    1.2E-03   4.4E-04       0                NaN                 NaN              NaN           0.000000
  448    1.1E-03   4.4E-04       0                NaN                 NaN              NaN           0.000000
  449    1.2E-03   4.8E-04       0                NaN                 NaN              NaN           0.000000
  450    1.1E-03   4.4E-04       0                NaN                 NaN              NaN           0.000000
  451    1.1E-03   4.4E-04       0                NaN                 NaN              NaN           0.000000
  452    1.2E-03   4.4E-04       0                NaN                 NaN              NaN           0.000000
  453    1.1E-03   4.4E-04       0                NaN                 NaN              NaN           0.000000
  454    1.2E-03   4.7E-04       0                NaN                 NaN              NaN           0.000000
  455    1.2E-03   4.4E-04       0                NaN                 NaN              NaN           0.000000
  456    1.1E-03   4.4E-04       0                NaN                 NaN              NaN           0.000000
  457    1.2E-03   4.4E-04       0                NaN                 NaN              NaN           0.000000
  458    1.1E-03   4.4E-04       0                NaN                 NaN              NaN           0.000000
  459    1.2E-03   4.6E-04       0                NaN                 NaN              NaN           0.000000
  460    1.1E-03   4.4E-04       0                NaN                 NaN              NaN           0.000000
  461    1.1E-03   4.4E-04       0                NaN                 NaN              NaN           0.000000
  462    1.2E-03   4.4E-04       0                NaN                 NaN              NaN           0.000000
  463    1.1E-03   4.4E-04       0                NaN                 NaN              NaN           0.000000
  464    1.2E-03   4.4E-04       0                NaN                 NaN              NaN           0.000000
  465    1.1E-03   4.4E-04       0                NaN                 NaN              NaN           0.000000
  466    1.1E-03   4.6E-04       0                NaN                 NaN              NaN           0.000000
  467    1.2E-03   4.4E-04       0                NaN                 NaN              NaN           0.000000
  468    1.1E-03   4.4E-04       0                NaN                 NaN              NaN           0.000000
  469    1.3E-03   4.4E-04       0                NaN                 NaN              NaN           0.000000
  470    1.1E-03   4.4E-04       0                NaN                 NaN              NaN           0.000000
  471    1.1E-03   4.8E-04       0                NaN                 NaN              NaN           0.000000
  472    1.2E-03   4.4E-04       0                NaN                 NaN              NaN           0.000000
  473    1.1E-03   4.4E-04       0                NaN                 NaN              NaN           0.000000
  474    1.2E-03   4.4E-04       0                NaN                 NaN              NaN           0.000000
  475    1.1E-03   4.4E-04       0                NaN                 NaN              NaN           0.000000
  476    1.1E-03   5.0E-04       0                NaN                 NaN              NaN           0.000000
  477    1.1E-03   4.4E-04       0                NaN                 NaN              NaN           0.000000
  478    1.1E-03   4.4E-04       0                NaN                 NaN              NaN           0.000000
  479    1.2E-03   4.4E-04       0                NaN                 NaN              NaN           0.000000
  480    1.1E-03   4.4E-04       0                NaN                 NaN              NaN           0.000000
  481    1.1E-03   5.4E-04       0                NaN                 NaN              NaN           0.000000
  482    1.1E-03   4.4E-04       0                NaN                 NaN              NaN           0.000000
  483    1.1E-03   4.4E-04       0                NaN                 NaN              NaN           0.000000
  484    1.2E-03   4.4E-04       0                NaN                 NaN              NaN           0.000000
  485    1.1E-03   4.4E-04       0                NaN                 NaN              NaN           0.000000
  486    1.2E-03   4.7E-04       0                NaN                 NaN              NaN           0.000000
  487    1.1E-03   4.4E-04       0                NaN                 NaN              NaN           0.000000
  488    1.1E-03   4.9E-04       0                NaN                 NaN              NaN           0.000000
  489    1.2E-03   4.4E-04       0                NaN                 NaN              NaN           0.000000
  490    1.1E-03   4.4E-04       0                NaN                 NaN              NaN           0.000000
  491    1.2E-03   4.4E-04       0                NaN                 NaN              NaN           0.000000
  492    1.2E-03   4.4E-04       0                NaN                 NaN              NaN           0.000000
  493    1.1E-03   4.8E-04       0                NaN                 NaN              NaN           0.000000
  494    1.2E-03   4.4E-04       0                NaN                 NaN              NaN           0.000000
  495    1.1E-03   4.4E-04       0                NaN                 NaN              NaN           0.000000
  496    1.2E-03   4.4E-04       0                NaN                 NaN              NaN           0.000000
  497    1.1E-03   4.4E-04       0                NaN                 NaN              NaN           0.000000
  498    1.1E-03   4.8E-04       0                NaN                 NaN              NaN           0.000000
  499    1.2E-03   4.4E-04       0                NaN                 NaN              NaN           0.000000
  500    1.1E-03   4.4E-04       0                NaN                 NaN              NaN           0.000000
  501    1.2E-03   4.4E-04       0                NaN                 NaN              NaN           0.000000
  502    1.2E-03   4.4E-04       0                NaN                 NaN              NaN           0.000000
  503    1.1E-03   5.0E-04       0                NaN                 NaN              NaN           0.000000
  504    1.1E-03   4.7E-04       0                NaN                 NaN              NaN           0.000000
  505    1.2E-03   4.4E-04       0                NaN                 NaN              NaN           0.000000
  506    1.2E-03   4.4E-04       0                NaN                 NaN              NaN           0.000000
  507    1.1E-03   4.4E-04       0                NaN                 NaN              NaN           0.000000
  508    1.2E-03   5.2E-04       0                NaN                 NaN              NaN           0.000000
  509    1.2E-03   4.6E-04       0                NaN                 NaN              NaN           0.000000
  510    1.2E-03   4.4E-04       0                NaN                 NaN              NaN           0.000000
  511    1.2E-03   4.4E-04       0                NaN                 NaN              NaN           0.000000
  512    1.1E-03   4.4E-04       0                NaN                 NaN              NaN           0.000000
  513    1.2E-03   4.4E-04       0                NaN                 NaN              NaN           0.000000
  514    1.1E-03   4.4E-04       0                NaN                 NaN              NaN           0.000000
  515    1.1E-03   4.7E-04       0                NaN                 NaN              NaN           0.000000
  516    1.2E-03   4.7E-04       0                NaN                 NaN              NaN           0.000000
  517    1.1E-03   4.4E-04       0                NaN                 NaN              NaN           0.000000
  518    1.2E-03   4.4E-04       0                NaN                 NaN              NaN           0.000000
  519    1.1E-03   4.4E-04       0                NaN                 NaN              NaN           0.000000
  520    1.1E-03   4.9E-04       0                NaN                 NaN              NaN           0.000000
  521    1.2E-03   4.4E-04       0                NaN                 NaN              NaN           0.000000
  522    1.1E-03   4.4E-04       0                NaN                 NaN              NaN           0.000000
  523    1.2E-03   4.4E-04       0                NaN                 NaN              NaN           0.000000
  524    1.1E-03   4.4E-04       0                NaN                 NaN              NaN           0.000000
  525    1.1E-03   5.3E-04       0                NaN                 NaN              NaN           0.000000
  526    1.1E-03   4.4E-04       0                NaN                 NaN              NaN           0.000000
  527    1.1E-03   4.4E-04       0                NaN                 NaN              NaN           0.000000
  528    1.2E-03   4.4E-04       0                NaN                 NaN              NaN           0.000000
  529    1.1E-03   4.4E-04       0                NaN                 NaN              NaN           0.000000
  530    1.1E-03   5.0E-04       0                NaN                 NaN              NaN           0.000000
  531    1.2E-03   4.4E-04       0                NaN                 NaN              NaN           0.000000
  532    1.1E-03   4.4E-04       0                NaN                 NaN              NaN           0.000000
  533    1.2E-03   4.4E-04       0                NaN                 NaN              NaN           0.000000
  534    1.1E-03   4.4E-04       0                NaN                 NaN              NaN           0.000000
  535    1.2E-03   4.7E-04       0                NaN                 NaN              NaN           0.000000
  536    1.1E-03   4.4E-04       0                NaN                 NaN              NaN           0.000000
  537    1.1E-03   4.4E-04       0                NaN                 NaN              NaN           0.000000
  538    1.2E-03   4.4E-04       0                NaN                 NaN              NaN           0.000000
  539    1.1E-03   4.4E-04       0                NaN                 NaN              NaN           0.000000
  540    1.2E-03   4.7E-04       0                NaN                 NaN              NaN           0.000000
  541    1.1E-03   4.4E-04       0                NaN                 NaN              NaN           0.000000
  542    1.1E-03   4.4E-04       0                NaN                 NaN              NaN           0.000000
  543    1.2E-03   4.4E-04       0                NaN                 NaN              NaN           0.000000
  544    1.1E-03   4.4E-04       0                NaN                 NaN              NaN           0.000000
  545    1.2E-03   4.4E-04       0                NaN                 NaN              NaN           0.000000
  546    1.1E-03   4.4E-04       0                NaN                 NaN              NaN           0.000000
  547    1.1E-03   4.7E-04       0                NaN                 NaN              NaN           0.000000
  548    1.2E-03   4.4E-04       0                NaN                 NaN              NaN           0.000000
  549    1.1E-03   4.4E-04       0                NaN                 NaN              NaN           0.000000
  550    1.2E-03   4.4E-04       0                NaN                 NaN              NaN           0.000000
  551    1.1E-03   4.4E-04       0                NaN                 NaN              NaN           0.000000
  552    1.1E-03   5.0E-04       0                NaN                 NaN              NaN           0.000000
  553    1.2E-03   4.4E-04       0                NaN                 NaN              NaN           0.000000
  554    1.1E-03   4.4E-04       0                NaN                 NaN              NaN           0.000000
  555    1.2E-03   4.4E-04       0                NaN                 NaN              NaN           0.000000
  556    1.1E-03   4.4E-04       0                NaN                 NaN              NaN           0.000000
  557    1.1E-03   4.9E-04       0                NaN                 NaN              NaN           0.000000
  558    1.1E-03   4.5E-04       0                NaN                 NaN              NaN           0.000000
  559    1.1E-03   4.4E-04       0                NaN                 NaN              NaN           0.000000
  560    1.2E-03   4.4E-04       0                NaN                 NaN              NaN           0.000000
  561    1.1E-03   4.4E-04       0                NaN                 NaN              NaN           0.000000
  562    1.1E-03   5.4E-04       0                NaN                 NaN              NaN           0.000000
  563    1.1E-03   4.4E-04       0                NaN                 NaN              NaN           0.000000
  564    1.1E-03   4.4E-04       0                NaN                 NaN              NaN           0.000000
  565    1.3E-03   4.4E-04       0                NaN                 NaN              NaN           0.000000
  566    1.1E-03   4.4E-04       0                NaN                 NaN              NaN           0.000000
  567    1.2E-03   4.7E-04       0                NaN                 NaN              NaN           0.000000
  568    1.1E-03   4.4E-04       0                NaN                 NaN              NaN           0.000000
  569    1.1E-03   4.4E-04       0                NaN                 NaN              NaN           0.000000
  570    1.2E-03   4.4E-04       0                NaN                 NaN              NaN           0.000000
  571    1.1E-03   4.4E-04       0                NaN                 NaN              NaN           0.000000
  572    1.2E-03   4.6E-04       0                NaN                 NaN              NaN           0.000000
  573    1.1E-03   4.4E-04       0                NaN                 NaN              NaN           0.000000
  574    1.1E-03   4.4E-04       0                NaN                 NaN              NaN           0.000000
  575    1.2E-03   4.4E-04       0                NaN                 NaN              NaN           0.000000
  576    1.1E-03   4.4E-04       0                NaN                 NaN              NaN           0.000000
  577    1.2E-03   4.4E-04       0                NaN                 NaN              NaN           0.000000
  578    1.1E-03   4.4E-04       0                NaN                 NaN              NaN           0.000000
  579    1.1E-03   4.7E-04       0                NaN                 NaN              NaN           0.000000
  580    1.2E-03   4.4E-04       0                NaN                 NaN              NaN           0.000000
  581    1.1E-03   4.4E-04       0                NaN                 NaN              NaN           0.000000
  582    1.2E-03   4.4E-04       0                NaN                 NaN              NaN           0.000000
  583    1.1E-03   4.4E-04       0                NaN                 NaN              NaN           0.000000
  584    1.1E-03   4.7E-04       0                NaN                 NaN              NaN           0.000000
  585    1.2E-03   4.4E-04       0                NaN                 NaN              NaN           0.000000
  586    1.1E-03   4.6E-04       0                NaN                 NaN              NaN           0.000000
  587    1.3E-03   4.4E-04       0                NaN                 NaN              NaN           0.000000
  588    1.1E-03   4.4E-04       0                NaN                 NaN              NaN           0.000000
  589    1.1E-03   5.4E-04       0                NaN                 NaN              NaN           0.000000
  590    1.1E-03   4.4E-04       0                NaN                 NaN              NaN           0.000000
  591    1.1E-03   4.4E-04       0                NaN                 NaN              NaN           0.000000
  592    1.2E-03   4.4E-04       0                NaN                 NaN              NaN           0.000000
  593    1.1E-03   4.4E-04       0                NaN                 NaN              NaN           0.000000
  594    1.2E-03   5.0E-04       0                NaN                 NaN              NaN           0.000000
  595    1.2E-03   4.6E-04       0                NaN                 NaN              NaN           0.000000
  596    1.1E-03   4.4E-04       0                NaN                 NaN              NaN           0.000000
  597    1.2E-03   4.4E-04       0                NaN                 NaN              NaN           0.000000
  598    1.1E-03   4.4E-04       0                NaN                 NaN              NaN           0.000000
  599    1.2E-03   4.8E-04       0                NaN                 NaN              NaN           0.000000
  600    1.1E-03   4.4E-04       0                NaN                 NaN              NaN           0.000000
  601    1.1E-03   4.4E-04       0                NaN                 NaN              NaN           0.000000
  602    1.2E-03   4.4E-04       0                NaN                 NaN              NaN           0.000000
  603    1.1E-03   4.4E-04       0                NaN                 NaN              NaN           0.000000
  604    1.2E-03   4.4E-04       0                NaN                 NaN              NaN           0.000000
  605    1.1E-03   4.4E-04       0                NaN                 NaN              NaN           0.000000
  606    1.1E-03   4.7E-04       0                NaN                 NaN              NaN           0.000000
  607    1.2E-03   4.4E-04       0                NaN                 NaN              NaN           0.000000
  608    1.1E-03   4.4E-04       0                NaN                 NaN              NaN           0.000000
  609    1.2E-03   4.4E-04       0                NaN                 NaN              NaN           0.000000
  610    1.1E-03   4.4E-04       0                NaN                 NaN              NaN           0.000000
  611    1.1E-03   4.7E-04       0                NaN                 NaN              NaN           0.000000
  612    1.2E-03   4.4E-04       0                NaN                 NaN              NaN           0.000000
  613    1.1E-03   4.4E-04       0                NaN                 NaN              NaN           0.000000
  614    1.2E-03   4.4E-04       0                NaN                 NaN              NaN           0.000000
  615    1.1E-03   4.6E-04       0                NaN                 NaN              NaN           0.000000
  616    1.2E-03   5.5E-04       0                NaN                 NaN              NaN           0.000000
  617    1.1E-03   4.4E-04       0                NaN                 NaN              NaN           0.000000
  618    1.1E-03   4.4E-04       0                NaN                 NaN              NaN           0.000000
  619    1.2E-03   4.4E-04       0                NaN                 NaN              NaN           0.000000
  620    1.1E-03   4.4E-04       0                NaN                 NaN              NaN           0.000000
  621    1.2E-03   5.0E-04       0                NaN                 NaN              NaN           0.000000
  622    1.1E-03   4.4E-04       0                NaN                 NaN              NaN           0.000000
  623    1.3E-03   4.8E-04       0                NaN                 NaN              NaN           0.000000
  624    1.3E-03   5.1E-04       0                NaN                 NaN              NaN           0.000000
  625    1.1E-03   4.4E-04       0                NaN                 NaN              NaN           0.000000
  626    1.2E-03   4.4E-04       0                NaN                 NaN              NaN           0.000000
  627    1.1E-03   4.4E-04       0                NaN                 NaN              NaN           0.000000
  628    1.1E-03   5.0E-04       0                NaN                 NaN              NaN           0.000000
  629    1.2E-03   4.4E-04       0                NaN                 NaN              NaN           0.000000
  630    1.1E-03   4.4E-04       0                NaN                 NaN              NaN           0.000000
  631    1.2E-03   4.4E-04       0                NaN                 NaN              NaN           0.000000
  632    1.1E-03   4.4E-04       0                NaN                 NaN              NaN           0.000000
  633    1.2E-03   5.3E-04       0                NaN                 NaN              NaN           0.000000
  634    1.1E-03   4.4E-04       0                NaN                 NaN              NaN           0.000000
  635    1.1E-03   4.4E-04       0                NaN                 NaN              NaN           0.000000
  636    1.2E-03   4.4E-04       0                NaN                 NaN              NaN           0.000000
  637    1.1E-03   4.4E-04       0                NaN                 NaN              NaN           0.000000
  638    1.1E-03   5.2E-04       0                NaN                 NaN              NaN           0.000000
  639    1.1E-03   4.4E-04       0                NaN                 NaN              NaN           0.000000
  640    1.1E-03   4.4E-04       0                NaN                 NaN              NaN           0.000000
  641    1.2E-03   4.4E-04       0                NaN                 NaN              NaN           0.000000
  642    1.1E-03   4.4E-04       0                NaN                 NaN              NaN           0.000000
  643    1.2E-03   4.9E-04       0                NaN                 NaN              NaN           0.000000
  644    1.1E-03   4.4E-04       0                NaN                 NaN              NaN           0.000000
  645    1.1E-03   4.4E-04       0                NaN                 NaN              NaN           0.000000
  646    1.2E-03   4.4E-04       0                NaN                 NaN              NaN           0.000000
  647    1.1E-03   4.4E-04       0                NaN                 NaN              NaN           0.000000
  648    1.2E-03   4.6E-04       0                NaN                 NaN              NaN           0.000000
  649    1.1E-03   4.4E-04       0                NaN                 NaN              NaN           0.000000
  650    1.1E-03   4.4E-04       0                NaN                 NaN              NaN           0.000000
  651    1.2E-03   4.4E-04       0                NaN                 NaN              NaN           0.000000
  652    1.1E-03   4.4E-04       0                NaN                 NaN              NaN           0.000000
  653    1.2E-03   4.4E-04       0                NaN                 NaN              NaN           0.000000
  654    1.1E-03   4.4E-04       0                NaN                 NaN              NaN           0.000000
  655    1.1E-03   4.7E-04       0                NaN                 NaN              NaN           0.000000
  656    1.2E-03   4.8E-04       0                NaN                 NaN              NaN           0.000000
  657    1.2E-03   4.4E-04       0                NaN                 NaN              NaN           0.000000
  658    1.2E-03   4.4E-04       0                NaN                 NaN              NaN           0.000000
  659    1.1E-03   4.4E-04       0                NaN                 NaN              NaN           0.000000
  660    1.1E-03   4.8E-04       0                NaN                 NaN              NaN           0.000000
  661    1.2E-03   4.4E-04       0                NaN                 NaN              NaN           0.000000
  662    1.1E-03   4.4E-04       0                NaN                 NaN              NaN           0.000000
  663    1.2E-03   4.4E-04       0                NaN                 NaN              NaN           0.000000
  664    1.1E-03   4.4E-04       0                NaN                 NaN              NaN           0.000000
  665    1.2E-03   5.0E-04       0                NaN                 NaN              NaN           0.000000
  666    1.1E-03   4.4E-04       0                NaN                 NaN              NaN           0.000000
  667    1.1E-03   4.4E-04       0                NaN                 NaN              NaN           0.000000
  668    1.2E-03   4.4E-04       0                NaN                 NaN              NaN           0.000000
  669    1.1E-03   4.4E-04       0                NaN                 NaN              NaN           0.000000
  670    1.2E-03   4.7E-04       0                NaN                 NaN              NaN           0.000000
  671    1.1E-03   4.4E-04       0                NaN                 NaN              NaN           0.000000
  672    1.1E-03   4.4E-04       0                NaN                 NaN              NaN           0.000000
  673    1.2E-03   4.4E-04       0                NaN                 NaN              NaN           0.000000
  674    1.1E-03   4.4E-04       0                NaN                 NaN              NaN           0.000000
  675    1.2E-03   4.8E-04       0                NaN                 NaN              NaN           0.000000
  676    1.1E-03   4.4E-04       0                NaN                 NaN              NaN           0.000000
  677    1.1E-03   4.4E-04       0                NaN                 NaN              NaN           0.000000
  678    1.2E-03   4.4E-04       0                NaN                 NaN              NaN           0.000000
  679    1.1E-03   4.4E-04       0                NaN                 NaN              NaN           0.000000
  680    1.2E-03   4.4E-04       0                NaN                 NaN              NaN           0.000000
  681    1.1E-03   4.4E-04       0                NaN                 NaN              NaN           0.000000
  682    1.1E-03   4.7E-04       0                NaN                 NaN              NaN           0.000000
  683    1.2E-03   4.4E-04       0                NaN                 NaN              NaN           0.000000
  684    1.1E-03   4.4E-04       0                NaN                 NaN              NaN           0.000000
  685    1.3E-03   5.0E-04       0                NaN                 NaN              NaN           0.000000
  686    1.2E-03   4.4E-04       0                NaN                 NaN              NaN           0.000000
  687    1.1E-03   5.0E-04       0                NaN                 NaN              NaN           0.000000
  688    1.1E-03   4.4E-04       0                NaN                 NaN              NaN           0.000000
  689    1.1E-03   4.4E-04       0                NaN                 NaN              NaN           0.000000
  690    1.2E-03   4.4E-04       0                NaN                 NaN              NaN           0.000000
  691    1.1E-03   4.4E-04       0                NaN                 NaN              NaN           0.000000
  692    1.1E-03   5.0E-04       0                NaN                 NaN              NaN           0.000000
  693    1.1E-03   4.4E-04       0                NaN                 NaN              NaN           0.000000
  694    1.1E-03   4.4E-04       0                NaN                 NaN              NaN           0.000000
  695    1.2E-03   4.4E-04       0                NaN                 NaN              NaN           0.000000
  696    1.1E-03   4.4E-04       0                NaN                 NaN              NaN           0.000000
  697    1.2E-03   4.8E-04       0                NaN                 NaN              NaN           0.000000
  698    1.1E-03   4.4E-04       0                NaN                 NaN              NaN           0.000000
  699    1.1E-03   4.4E-04       0                NaN                 NaN              NaN           0.000000
  700    1.2E-03   4.4E-04       0                NaN                 NaN              NaN           0.000000
  701    1.1E-03   4.4E-04       0                NaN                 NaN              NaN           0.000000
  702    1.2E-03   4.7E-04       0                NaN                 NaN              NaN           0.000000
  703    1.1E-03   4.4E-04       0                NaN                 NaN              NaN           0.000000
  704    1.1E-03   4.4E-04       0                NaN                 NaN              NaN           0.000000
  705    1.2E-03   4.4E-04       0                NaN                 NaN              NaN           0.000000
  706    1.1E-03   4.4E-04       0                NaN                 NaN              NaN           0.000000
  707    1.2E-03   4.7E-04       0                NaN                 NaN              NaN           0.000000
  708    1.1E-03   4.4E-04       0                NaN                 NaN              NaN           0.000000
  709    1.1E-03   4.4E-04       0                NaN                 NaN              NaN           0.000000
  710    1.2E-03   4.4E-04       0                NaN                 NaN              NaN           0.000000
  711    1.1E-03   4.4E-04       0                NaN                 NaN              NaN           0.000000
  712    1.2E-03   4.6E-04       0                NaN                 NaN              NaN           0.000000
  713    1.1E-03   4.4E-04       0                NaN                 NaN              NaN           0.000000
  714    1.1E-03   4.4E-04       0                NaN                 NaN              NaN           0.000000
  715    1.2E-03   4.4E-04       0                NaN                 NaN              NaN           0.000000
  716    1.1E-03   4.4E-04       0                NaN                 NaN              NaN           0.000000
  717    1.2E-03   4.4E-04       0                NaN                 NaN              NaN           0.000000
  718    1.1E-03   4.4E-04       0                NaN                 NaN              NaN           0.000000
  719    1.1E-03   4.7E-04       0                NaN                 NaN              NaN           0.000000
  720    1.2E-03   4.7E-04       0                NaN                 NaN              NaN           0.000000
  721    1.2E-03   4.7E-04       0                NaN                 NaN              NaN           0.000000
  722    1.3E-03   4.4E-04       0                NaN                 NaN              NaN           0.000000
  723    1.1E-03   4.4E-04       0                NaN                 NaN              NaN           0.000000
  724    1.1E-03   5.0E-04       0                NaN                 NaN              NaN           0.000000
  725    1.1E-03   4.4E-04       0                NaN                 NaN              NaN           0.000000
  726    1.1E-03   4.4E-04       0                NaN                 NaN              NaN           0.000000
  727    1.2E-03   4.4E-04       0                NaN                 NaN              NaN           0.000000
  728    1.1E-03   4.4E-04       0                NaN                 NaN              NaN           0.000000
  729    1.1E-03   5.5E-04       0                NaN                 NaN              NaN           0.000000
  730    1.1E-03   4.4E-04       0                NaN                 NaN              NaN           0.000000
  731    1.1E-03   4.4E-04       0                NaN                 NaN              NaN           0.000000
  732    1.2E-03   4.4E-04       0                NaN                 NaN              NaN           0.000000
  733    1.1E-03   4.4E-04       0                NaN                 NaN              NaN           0.000000
  734    1.2E-03   4.9E-04       0                NaN                 NaN              NaN           0.000000
  735    1.1E-03   4.4E-04       0                NaN                 NaN              NaN           0.000000
  736    1.1E-03   4.4E-04       0                NaN                 NaN              NaN           0.000000
  737    1.2E-03   4.4E-04       0                NaN                 NaN              NaN           0.000000
  738    1.1E-03   4.4E-04       0                NaN                 NaN              NaN           0.000000
  739    1.2E-03   4.8E-04       0                NaN                 NaN              NaN           0.000000
  740    1.1E-03   4.4E-04       0                NaN                 NaN              NaN           0.000000
  741    1.1E-03   4.4E-04       0                NaN                 NaN              NaN           0.000000
  742    1.2E-03   4.4E-04       0                NaN                 NaN              NaN           0.000000
  743    1.1E-03   4.8E-04       0                NaN                 NaN              NaN           0.000000
  744    1.2E-03   4.4E-04       0                NaN                 NaN              NaN           0.000000
  745    1.1E-03   4.4E-04       0                NaN                 NaN              NaN           0.000000
  746    1.1E-03   4.7E-04       0                NaN                 NaN              NaN           0.000000
  747    1.2E-03   4.4E-04       0                NaN                 NaN              NaN           0.000000
  748    1.1E-03   4.4E-04       0                NaN                 NaN              NaN           0.000000
  749    1.2E-03   4.4E-04       0                NaN                 NaN              NaN           0.000000
  750    1.1E-03   4.4E-04       0                NaN                 NaN              NaN           0.000000
  751    1.1E-03   4.8E-04       0                NaN                 NaN              NaN           0.000000
  752    1.2E-03   4.4E-04       0                NaN                 NaN              NaN           0.000000
  753    1.1E-03   4.4E-04       0                NaN                 NaN              NaN           0.000000
  754    1.2E-03   4.4E-04       0                NaN                 NaN              NaN           0.000000
  755    1.1E-03   4.4E-04       0                NaN                 NaN              NaN           0.000000
  756    1.1E-03   5.4E-04       0                NaN                 NaN              NaN           0.000000
  757    1.2E-03   4.4E-04       0                NaN                 NaN              NaN           0.000000
  758    1.1E-03   4.4E-04       0                NaN                 NaN              NaN           0.000000
  759    1.2E-03   4.4E-04       0                NaN                 NaN              NaN           0.000000
  760    1.1E-03   4.4E-04       0                NaN                 NaN              NaN           0.000000
  761    1.2E-03   5.1E-04       0                NaN                 NaN              NaN           0.000000
  762    1.2E-03   4.4E-04       0                NaN                 NaN              NaN           0.000000
  763    1.1E-03   4.4E-04       0                NaN                 NaN              NaN           0.000000
  764    1.2E-03   4.4E-04       0                NaN                 NaN              NaN           0.000000
  765    1.1E-03   4.5E-04       0                NaN                 NaN              NaN           0.000000
  766    1.2E-03   4.8E-04       0                NaN                 NaN              NaN           0.000000
  767    1.1E-03   4.4E-04       0                NaN                 NaN              NaN           0.000000
  768    1.1E-03   4.4E-04       0                NaN                 NaN              NaN           0.000000
  769    1.3E-03   4.4E-04       0                NaN                 NaN              NaN           0.000000
  770    1.1E-03   4.4E-04       0                NaN                 NaN              NaN           0.000000
  771    1.2E-03   4.4E-04       0                NaN                 NaN              NaN           0.000000
  772    1.1E-03   4.4E-04       0                NaN                 NaN              NaN           0.000000
  773    1.2E-03   4.9E-04       0                NaN                 NaN              NaN           0.000000
  774    1.2E-03   4.4E-04       0                NaN                 NaN              NaN           0.000000
  775    1.1E-03   4.4E-04       0                NaN                 NaN              NaN           0.000000
  776    1.2E-03   4.4E-04       0                NaN                 NaN              NaN           0.000000
  777    1.2E-03   5.0E-04       0                NaN                 NaN              NaN           0.000000
  778    1.3E-03   5.0E-04       0                NaN                 NaN              NaN           0.000000
  779    1.1E-03   4.4E-04       0                NaN                 NaN              NaN           0.000000
  780    1.1E-03   4.4E-04       0                NaN                 NaN              NaN           0.000000
  781    1.2E-03   4.4E-04       0                NaN                 NaN              NaN           0.000000
  782    1.1E-03   4.4E-04       0                NaN                 NaN              NaN           0.000000
  783    1.2E-03   4.8E-04       0                NaN                 NaN              NaN           0.000000
  784    1.1E-03   4.4E-04       0                NaN                 NaN              NaN           0.000000
  785    1.1E-03   4.4E-04       0                NaN                 NaN              NaN           0.000000
  786    1.2E-03   4.4E-04       0                NaN                 NaN              NaN           0.000000
  787    1.1E-03   4.4E-04       0                NaN                 NaN              NaN           0.000000
  788    1.2E-03   4.4E-04       0                NaN                 NaN              NaN           0.000000
  789    1.1E-03   4.4E-04       0                NaN                 NaN              NaN           0.000000
  790    1.1E-03   4.6E-04       0                NaN                 NaN              NaN           0.000000
  791    1.2E-03   4.4E-04       0                NaN                 NaN              NaN           0.000000
  792    1.1E-03   4.4E-04       0                NaN                 NaN              NaN           0.000000
  793    1.2E-03   4.4E-04       0                NaN                 NaN              NaN           0.000000
  794    1.1E-03   4.4E-04       0                NaN                 NaN              NaN           0.000000
  795    1.1E-03   4.9E-04       0                NaN                 NaN              NaN           0.000000
  796    1.2E-03   4.4E-04       0                NaN                 NaN              NaN           0.000000
  797    1.1E-03   4.4E-04       0                NaN                 NaN              NaN           0.000000
  798    1.3E-03   4.4E-04       0                NaN                 NaN              NaN           0.000000
  799    1.1E-03   4.4E-04       0                NaN                 NaN              NaN           0.000000
  800    1.1E-03   4.8E-04       0                NaN                 NaN              NaN           0.000000
  801    1.2E-03   4.4E-04       0                NaN                 NaN              NaN           0.000000
  802    1.2E-03   4.4E-04       0                NaN                 NaN              NaN           0.000000
  803    1.2E-03   4.4E-04       0                NaN                 NaN              NaN           0.000000
  804    1.1E-03   4.4E-04       0                NaN                 NaN              NaN           0.000000
  805    1.2E-03   4.8E-04       0                NaN                 NaN              NaN           0.000000
  806    1.1E-03   4.4E-04       0                NaN                 NaN              NaN           0.000000
  807    1.1E-03   4.4E-04       0                NaN                 NaN              NaN           0.000000
  808    1.2E-03   4.4E-04       0                NaN                 NaN              NaN           0.000000
  809    1.1E-03   4.4E-04       0                NaN                 NaN              NaN           0.000000
  810    1.2E-03   4.9E-04       0                NaN                 NaN              NaN           0.000000
  811    1.1E-03   4.4E-04       0                NaN                 NaN              NaN           0.000000
  812    1.1E-03   4.4E-04       0                NaN                 NaN              NaN           0.000000
  813    1.2E-03   4.4E-04       0                NaN                 NaN              NaN           0.000000
  814    1.1E-03   4.4E-04       0                NaN                 NaN              NaN           0.000000
  815    1.2E-03   4.8E-04       0                NaN                 NaN              NaN           0.000000
  816    1.1E-03   4.4E-04       0                NaN                 NaN              NaN           0.000000
  817    1.1E-03   4.4E-04       0                NaN                 NaN              NaN           0.000000
  818    1.2E-03   4.4E-04       0                NaN                 NaN              NaN           0.000000
  819    1.1E-03   4.4E-04       0                NaN                 NaN              NaN           0.000000
  820    1.2E-03   4.4E-04       0                NaN                 NaN              NaN           0.000000
  821    1.1E-03   4.4E-04       0                NaN                 NaN              NaN           0.000000
  822    1.1E-03   4.9E-04       0                NaN                 NaN              NaN           0.000000
  823    1.2E-03   4.4E-04       0                NaN                 NaN              NaN           0.000000
  824    1.1E-03   4.4E-04       0                NaN                 NaN              NaN           0.000000
  825    1.2E-03   4.4E-04       0                NaN                 NaN              NaN           0.000000
  826    1.1E-03   4.4E-04       0                NaN                 NaN              NaN           0.000000
  827    1.1E-03   4.9E-04       0                NaN                 NaN              NaN           0.000000
  828    1.2E-03   4.4E-04       0                NaN                 NaN              NaN           0.000000
  829    1.1E-03   4.4E-04       0                NaN                 NaN              NaN           0.000000
  830    1.2E-03   4.4E-04       0                NaN                 NaN              NaN           0.000000
  831    1.1E-03   4.4E-04       0                NaN                 NaN              NaN           0.000000
  832    1.1E-03   5.4E-04       0                NaN                 NaN              NaN           0.000000
  833    1.1E-03   4.4E-04       0                NaN                 NaN              NaN           0.000000
  834    1.1E-03   4.4E-04       0                NaN                 NaN              NaN           0.000000
  835    1.2E-03   4.4E-04       0                NaN                 NaN              NaN           0.000000
  836    1.1E-03   4.4E-04       0                NaN                 NaN              NaN           0.000000
  837    1.2E-03   5.0E-04       0                NaN                 NaN              NaN           0.000000
  838    1.1E-03   4.4E-04       0                NaN                 NaN              NaN           0.000000
  839    1.3E-03   4.8E-04       0                NaN                 NaN              NaN           0.000000
  840    1.3E-03   4.4E-04       0                NaN                 NaN              NaN           0.000000
  841    1.1E-03   4.4E-04       0                NaN                 NaN              NaN           0.000000
  842    1.2E-03   4.4E-04       0                NaN                 NaN              NaN           0.000000
  843    1.1E-03   4.4E-04       0                NaN                 NaN              NaN           0.000000
  844    1.1E-03   4.7E-04       0                NaN                 NaN              NaN           0.000000
  845    1.2E-03   4.4E-04       0                NaN                 NaN              NaN           0.000000
  846    1.1E-03   4.4E-04       0                NaN                 NaN              NaN           0.000000
  847    1.2E-03   4.4E-04       0                NaN                 NaN              NaN           0.000000
  848    1.1E-03   4.4E-04       0                NaN                 NaN              NaN           0.000000
  849    1.1E-03   4.9E-04       0                NaN                 NaN              NaN           0.000000
  850    1.2E-03   4.6E-04       0                NaN                 NaN              NaN           0.000000
  851    1.2E-03   4.4E-04       0                NaN                 NaN              NaN           0.000000
  852    1.2E-03   4.4E-04       0                NaN                 NaN              NaN           0.000000
  853    1.2E-03   4.4E-04       0                NaN                 NaN              NaN           0.000000
  854    1.2E-03   5.0E-04       0                NaN                 NaN              NaN           0.000000
  855    1.1E-03   4.4E-04       0                NaN                 NaN              NaN           0.000000
  856    1.1E-03   4.4E-04       0                NaN                 NaN              NaN           0.000000
  857    1.2E-03   4.4E-04       0                NaN                 NaN              NaN           0.000000
  858    1.2E-03   4.4E-04       0                NaN                 NaN              NaN           0.000000
  859    1.2E-03   4.8E-04       0                NaN                 NaN              NaN           0.000000
  860    1.1E-03   4.4E-04       0                NaN                 NaN              NaN           0.000000
  861    1.1E-03   4.4E-04       0                NaN                 NaN              NaN           0.000000
  862    1.2E-03   4.4E-04       0                NaN                 NaN              NaN           0.000000
  863    1.1E-03   4.4E-04       0                NaN                 NaN              NaN           0.000000
  864    1.2E-03   4.4E-04       0                NaN                 NaN              NaN           0.000000
  865    1.1E-03   4.4E-04       0                NaN                 NaN              NaN           0.000000
  866    1.1E-03   4.8E-04       0                NaN                 NaN              NaN           0.000000
  867    1.2E-03   4.4E-04       0                NaN                 NaN              NaN           0.000000
  868    1.1E-03   4.4E-04       0                NaN                 NaN              NaN           0.000000
  869    1.2E-03   4.4E-04       0                NaN                 NaN              NaN           0.000000
  870    1.1E-03   4.4E-04       0                NaN                 NaN              NaN           0.000000
  871    1.1E-03   4.8E-04       0                NaN                 NaN              NaN           0.000000
  872    1.2E-03   4.4E-04       0                NaN                 NaN              NaN           0.000000
  873    1.1E-03   4.4E-04       0                NaN                 NaN              NaN           0.000000
  874    1.2E-03   4.4E-04       0                NaN                 NaN              NaN           0.000000
  875    1.1E-03   4.4E-04       0                NaN                 NaN              NaN           0.000000
  876    1.1E-03   5.0E-04       0                NaN                 NaN              NaN           0.000000
  877    1.1E-03   4.4E-04       0                NaN                 NaN              NaN           0.000000
  878    1.1E-03   4.4E-04       0                NaN                 NaN              NaN           0.000000
  879    1.2E-03   4.4E-04       0                NaN                 NaN              NaN           0.000000
  880    1.1E-03   4.4E-04       0                NaN                 NaN              NaN           0.000000
  881    1.1E-03   5.0E-04       0                NaN                 NaN              NaN           0.000000
  882    1.1E-03   4.4E-04       0                NaN                 NaN              NaN           0.000000
  883    1.1E-03   4.4E-04       0                NaN                 NaN              NaN           0.000000
  884    1.3E-03   4.7E-04       0                NaN                 NaN              NaN           0.000000
  885    1.1E-03   4.4E-04       0                NaN                 NaN              NaN           0.000000
  886    1.2E-03   4.7E-04       0                NaN                 NaN              NaN           0.000000
  887    1.1E-03   4.4E-04       0                NaN                 NaN              NaN           0.000000
  888    1.1E-03   4.4E-04       0                NaN                 NaN              NaN           0.000000
  889    1.2E-03   4.5E-04       0                NaN                 NaN              NaN           0.000000
  890    1.1E-03   4.4E-04       0                NaN                 NaN              NaN           0.000000
  891    1.2E-03   4.6E-04       0                NaN                 NaN              NaN           0.000000
  892    1.1E-03   4.4E-04       0                NaN                 NaN              NaN           0.000000
  893    1.1E-03   4.4E-04       0                NaN                 NaN              NaN           0.000000
  894    1.2E-03   4.4E-04       0                NaN                 NaN              NaN           0.000000
  895    1.1E-03   4.4E-04       0                NaN                 NaN              NaN           0.000000
  896    1.2E-03   4.4E-04       0                NaN                 NaN              NaN           0.000000
  897    1.1E-03   4.4E-04       0                NaN                 NaN              NaN           0.000000
  898    1.1E-03   4.7E-04       0                NaN                 NaN              NaN           0.000000
  899    1.2E-03   4.4E-04       0                NaN                 NaN              NaN           0.000000
  900    1.1E-03   4.4E-04       0                NaN                 NaN              NaN           0.000000
  901    1.2E-03   4.4E-04       0                NaN                 NaN              NaN           0.000000
  902    1.1E-03   4.4E-04       0                NaN                 NaN              NaN           0.000000
  903    1.1E-03   4.7E-04       0                NaN                 NaN              NaN           0.000000
  904    1.2E-03   4.4E-04       0                NaN                 NaN              NaN           0.000000
  905    1.1E-03   4.4E-04       0                NaN                 NaN              NaN           0.000000
  906    1.2E-03   4.8E-04       0                NaN                 NaN              NaN           0.000000
  907    1.2E-03   4.8E-04       0                NaN                 NaN              NaN           0.000000
  908    1.3E-03   5.0E-04       0                NaN                 NaN              NaN           0.000000
  909    1.2E-03   4.4E-04       0                NaN                 NaN              NaN           0.000000
  910    1.1E-03   4.4E-04       0                NaN                 NaN              NaN           0.000000
  911    1.2E-03   4.4E-04       0                NaN                 NaN              NaN           0.000000
  912    1.2E-03   5.0E-04       0                NaN                 NaN              NaN           0.000000
  913    1.2E-03   4.4E-04       0                NaN                 NaN              NaN           0.000000
  914    1.1E-03   4.4E-04       0                NaN                 NaN              NaN           0.000000
  915    1.1E-03   4.7E-04       0                NaN                 NaN              NaN           0.000000
  916    1.2E-03   4.4E-04       0                NaN                 NaN              NaN           0.000000
  917    1.1E-03   4.4E-04       0                NaN                 NaN              NaN           0.000000
  918    1.2E-03   4.4E-04       0                NaN                 NaN              NaN           0.000000
  919    1.1E-03   4.4E-04       0                NaN                 NaN              NaN           0.000000
  920    1.1E-03   4.8E-04       0                NaN                 NaN              NaN           0.000000
  921    1.2E-03   4.4E-04       0                NaN                 NaN              NaN           0.000000
  922    1.1E-03   4.4E-04       0                NaN                 NaN              NaN           0.000000
  923    1.2E-03   4.4E-04       0                NaN                 NaN              NaN           0.000000
  924    1.1E-03   4.4E-04       0                NaN                 NaN              NaN           0.000000
  925    1.1E-03   4.8E-04       0                NaN                 NaN              NaN           0.000000
  926    1.2E-03   4.7E-04       0                NaN                 NaN              NaN           0.000000
  927    1.3E-03   4.7E-04       0                NaN                 NaN              NaN           0.000000
  928    1.3E-03   4.8E-04       0                NaN                 NaN              NaN           0.000000
  929    1.2E-03   4.8E-04       0                NaN                 NaN              NaN           0.000000
  930    1.3E-03   4.8E-04       0                NaN                 NaN              NaN           0.000000
  931    1.2E-03   4.8E-04       0                NaN                 NaN              NaN           0.000000
  932    1.2E-03   5.1E-04       0                NaN                 NaN              NaN           0.000000
  933    1.2E-03   4.8E-04       0                NaN                 NaN              NaN           0.000000
  934    1.2E-03   4.8E-04       0                NaN                 NaN              NaN           0.000000
  935    1.3E-03   4.8E-04       0                NaN                 NaN              NaN           0.000000
  936    1.2E-03   4.7E-04       0                NaN                 NaN              NaN           0.000000
  937    1.3E-03   4.8E-04       0                NaN                 NaN              NaN           0.000000
  938    1.2E-03   4.7E-04       0                NaN                 NaN              NaN           0.000000
  939    1.3E-03   5.0E-04       0                NaN                 NaN              NaN           0.000000
  940    1.2E-03   4.8E-04       0                NaN                 NaN              NaN           0.000000
  941    1.2E-03   5.2E-04       0                NaN                 NaN              NaN           0.000000
  942    1.3E-03   4.8E-04       0                NaN                 NaN              NaN           0.000000
  943    1.2E-03   4.8E-04       0                NaN                 NaN              NaN           0.000000
  944    1.3E-03   5.0E-04       0                NaN                 NaN              NaN           0.000000
  945    1.2E-03   4.8E-04       0                NaN                 NaN              NaN           0.000000
  946    1.3E-03   4.8E-04       0                NaN                 NaN              NaN           0.000000
  947    1.2E-03   4.8E-04       0                NaN                 NaN              NaN           0.000000
  948    1.2E-03   5.2E-04       0                NaN                 NaN              NaN           0.000000
  949    1.3E-03   4.8E-04       0                NaN                 NaN              NaN           0.000000
  950    1.2E-03   4.8E-04       0                NaN                 NaN              NaN           0.000000
  951    1.3E-03   4.8E-04       0                NaN                 NaN              NaN           0.000000
  952    1.2E-03   4.8E-04       0                NaN                 NaN              NaN           0.000000
  953    1.3E-03   4.8E-04       0                NaN                 NaN              NaN           0.000000
  954    1.2E-03   4.8E-04       0                NaN                 NaN              NaN           0.000000
  955    1.3E-03   5.2E-04       0                NaN                 NaN              NaN           0.000000
  956    1.2E-03   4.8E-04       0                NaN                 NaN              NaN           0.000000
  957    1.2E-03   5.2E-04       0                NaN                 NaN              NaN           0.000000
  958    1.3E-03   4.8E-04       0                NaN                 NaN              NaN           0.000000
  959    1.2E-03   5.0E-04       0                NaN                 NaN              NaN           0.000000
  960    1.3E-03   4.8E-04       0                NaN                 NaN              NaN           0.000000
  961    1.2E-03   4.8E-04       0                NaN                 NaN              NaN           0.000000
  962    1.3E-03   4.8E-04       0                NaN                 NaN              NaN           0.000000
  963    1.2E-03   4.7E-04       0                NaN                 NaN              NaN           0.000000
  964    1.2E-03   5.1E-04       0                NaN                 NaN              NaN           0.000000
  965    1.2E-03   4.8E-04       0                NaN                 NaN              NaN           0.000000
  966    1.3E-03   5.0E-04       0                NaN                 NaN              NaN           0.000000
  967    1.3E-03   4.8E-04       0                NaN                 NaN              NaN           0.000000
  968    1.2E-03   4.7E-04       0                NaN                 NaN              NaN           0.000000
  969    1.3E-03   4.8E-04       0                NaN                 NaN              NaN           0.000000
  970    1.2E-03   4.7E-04       0                NaN                 NaN              NaN           0.000000
  971    1.2E-03   5.0E-04       0                NaN                 NaN              NaN           0.000000
  972    1.2E-03   4.7E-04       0                NaN                 NaN              NaN           0.000000
  973    1.2E-03   5.0E-04       0                NaN                 NaN              NaN           0.000000
  974    1.3E-03   5.0E-04       0                NaN                 NaN              NaN           0.000000
  975    1.2E-03   4.8E-04       0                NaN                 NaN              NaN           0.000000
  976    1.3E-03   5.0E-04       0                NaN                 NaN              NaN           0.000000
  977    1.3E-03   5.3E-04       0                NaN                 NaN              NaN           0.000000
  978    1.3E-03   5.3E-04       0                NaN                 NaN              NaN           0.000000
  979    1.3E-03   4.9E-04       0                NaN                 NaN              NaN           0.000000
  980    1.3E-03   5.1E-04       0                NaN                 NaN              NaN           0.000000
  981    1.3E-03   4.8E-04       0                NaN                 NaN              NaN           0.000000
  982    1.3E-03   5.1E-04       0                NaN                 NaN              NaN           0.000000
  983    1.3E-03   4.8E-04       0                NaN                 NaN              NaN           0.000000
  984    1.2E-03   4.8E-04       0                NaN                 NaN              NaN           0.000000
  985    1.3E-03   4.8E-04       0                NaN                 NaN              NaN           0.000000
  986    1.2E-03   4.8E-04       0                NaN                 NaN              NaN           0.000000
  987    1.3E-03   4.8E-04       0                NaN                 NaN              NaN           0.000000
  988    1.2E-03   4.8E-04       0                NaN                 NaN              NaN           0.000000
  989    1.2E-03   5.5E-04       0                NaN                 NaN              NaN           0.000000
  990    1.2E-03   4.8E-04       0                NaN                 NaN              NaN           0.000000
  991    1.2E-03   4.8E-04       0                NaN                 NaN              NaN           0.000000
  992    1.3E-03   4.8E-04       0                NaN                 NaN              NaN           0.000000
  993    1.2E-03   4.8E-04       0                NaN                 NaN              NaN           0.000000
  994    1.3E-03   4.8E-04       0                NaN                 NaN              NaN           0.000000
  995    1.2E-03   4.8E-04       0                NaN                 NaN              NaN           0.000000
  996    1.3E-03   5.2E-04       0                NaN                 NaN              NaN           0.000000
  997    1.2E-03   4.8E-04       0                NaN                 NaN              NaN           0.000000
  998    1.2E-03   5.1E-04       0                NaN                 NaN              NaN           0.000000
  999    1.3E-03   4.8E-04       0                NaN                 NaN              NaN           0.000000
 1000    1.2E-03   4.8E-04       0                NaN                 NaN              NaN           0.000000
 1001    1.3E-03   4.8E-04       0                NaN                 NaN              NaN           0.000000

          ------------------------------
          EXCESSIVE NUMBER OF ITERATIONS
          ------------------------------

  **************************************************
  *         No. EXTERNAL ITER =  1001              *
  *         No. of TOTAL ITER =     0              *
  **************************************************

  Elapsed real time :      1.68  (Seconds)

 The execution finished at 17h 17min on the 12/ 4/2024
