 This is the serial version of the code

 The execution started at 10h 19min on the 11/28/2024

    ===========================================================
    !                                                         !
    !                        Do N O F                         !
    !                                                         !
    !  (Donostia Natural Orbital Functional Software Program) !
    !                                                         !
    !               COPYRIGHT by Mario Piris                  !
    !                                                         !
    !      Donostia International Physics Center (DIPC)       !
    !       University of the Basque Country (UPV/EHU)        !
    !       Basque Foundation for Science (IKERBASQUE)        !
    !                                                         !
    !          GNU General Public License version 3           !
    !                                                         !
    !                  VERSION: Mayo 2024                     !
    !                                                         !
    ===========================================================

 Run Title
 ---------
 p30-5 set                                                                       

 Basis Set
 ---------
 /home/ion/p30-10/pnof7/def2-svp.bas                                             

 Atom      Charge                Coordinates (Bohr)
                           x             y             z
 N           7.0        0.0000        0.0000        0.0000
 H           1.0        0.9626       -1.6673        0.0000
 H           1.0        0.9626        1.6673        0.0000
 H           1.0       -1.9253        0.0000        0.0000

 Atomic Basis Set
 ----------------
 The contracted primitive functions were unnormalized
 The contracted basis functions are now normalized to unity

  Shell Type  Primitive         Exponent  Contraction Coefficient

 N         
 
      1   S       1          1712.8415853   -0.005447799580
      1   S       2           257.6481268   -0.040627174632
      1   S       3            58.4582459   -0.181119622506
      1   S       4            16.1983679   -0.468439755632
      1   S       5             5.0052601   -0.446168462892
 
      2   S       6             0.5873186    1.000000000000
 
      3   S       7             0.1876459    1.000000000000
 
      4   P       8            13.5714702   -0.058848116970
      4   P       9             2.9257373   -0.320246247625
      4   P      10             0.7992775   -0.753282265204
 
      5   P      11             0.2195435    1.000000000000
 
      6   D      12             1.0000000    1.000000000000

 H         
 
      7   S      13            13.0107010    0.033485484813
      7   S      14             1.9622572    0.234721870881
      7   S      15             0.4445380    0.813770285260
 
      8   S      16             0.1219496    1.000000000000
 
      9   P      17             0.8000000    1.000000000000

 H         
 
     10   S      18            13.0107010    0.033485484813
     10   S      19             1.9622572    0.234721870881
     10   S      20             0.4445380    0.813770285260
 
     11   S      21             0.1219496    1.000000000000
 
     12   P      22             0.8000000    1.000000000000

 H         
 
     13   S      23            13.0107010    0.033485484813
     13   S      24             1.9622572    0.234721870881
     13   S      25             0.4445380    0.813770285260
 
     14   S      26             0.1219496    1.000000000000
 
     15   P      27             0.8000000    1.000000000000

 Total Number of Basis Set Shells             =   15
 Total Number of Primitives                   =   27
 Number of Cartesian Gaussian Basis Functions =   30
 Number of Electrons                          =    9
 Charge of Molecule                           =    1
 Spin Multiplicity                            =    2
 Number of Occupied Orbitals (Alpha)          =    5
 Number of Occupied Orbitals (Beta )          =    4
 Total Number of Atoms                        =    4

 Input Run Options
 -----------------
 IRUNTYP = 1  MULT = 2  ICHARG =  1 IECP = 0  IEMOM = 1  UNITS = ANGS    

 Integral Options
 ----------------
 CUTOFF = 1.0E-09   ISCHWZ = 0   ERITYP = FULL

 Input NOF Options
 -----------------

 Type of calculation =    Coeff. Opt.:   (ICOEF)         1
 Use Softmax function for Occ. Opt.:     (ISOFTMAX)      1
 Type of Orb. Opt. = Orbital Rotations:  (IORBOPT)       4
 Maximum Number of Occ-Coef Outer Iter.: (MAXIT)      1000

 Natural Orbital Functional Selected:    (IPNOF)         7
 Spin-Multiplet, High-Spin State Option: (HighSpin)      F
 
 Restart calculation Option:             (RESTART)       T
 Orthogonalize the initial Orbitals:     (ORTHO)         T

 Output Option:                          (NPRINT)        0
 Output the Coefficient Matrix:          (IWRITEC)       0
 Do a Mulliken Population Analysis:      (IMULPOP)       0
 Write Information into a WFN file:      (IAIMPAC)       1
 Write Information into a FCHK file:     (IFCHK)         1
 Write Information into a MLP file:      (MOLDEN)        1
 Create Ini. Cond. (ini.xyz) file:       (INICOND)       1
 Calculate IPs using Ext. Koopmans Theo: (IEKT)          0
 Write APSG expansion coefficient file:  (APSG)          F
 Output option for Lagrange Multipliers: (PRINTLAG)      F
 Diagonalize matrix of Lag. Multipliers: (DIAGLAG)       F

 Nuclear Coordinates from GCF file:
 ----------------------------------

 Atom      Charge                Coordinates (Bohr)
                           x             y             z
 LA      57.00000       -0.3128        0.0000        0.0000
 CE      58.00000       -0.0487        0.0000        0.0000
 PR      59.00000        0.0176        0.0000        0.0000
 ND      60.00000        0.0324        0.0000        0.0000

------------------------------------------------------------------------

 Orbital Space
 -------------

 Inactive Doubly occupied orbitals up to NO1  =    0
 No. considered Strongly Doubly occupied MOs  =    4
 No. considered Strongly Singly occupied MOs  =    1
 No. of Weakly occ. per St. Doubly occ.  MOs  =    6
 Dimension of the Active Nat. Orb. subspace   =   28
 Secondary Empty orbitals                     =    1

 1e- integrals
 -------------
 Time to do integrals =      0.00

 2e- integrals
 -------------
 DONTW option skips storage 2e- integrals on Unit 1
               31515 2e- integrals in     1 records
 Time to do integrals =      0.02

 Orthonormality violations:     464, Maximum Violation:  1.007603
 Orthogonalize the orbitals

 No violations of the orthonormality


  RESULTS OF OCCUPATION-COEFFICIENT OPTIMIZATION
 ================================================

  Ex It  Occ Time  Orb Time  Orb It   Electronic Energy     Total Energy   Energy Convergency    Max Mul-Lag Diff

    1    4.3E-02   1.1E-01      10   -3740.5565667828   362685.7976899045  ***************         240.859566
    2    3.8E-02   1.9E-01      20   -6064.0630654199   360362.2911912674  ***************         181.489709
    3    3.9E-02   1.8E-01      20   -6842.6983196159   359583.6559370714  -778.6352541960          59.958278
    4    3.1E-02   1.9E-01      20   -6930.3300029270   359496.0242537603   -87.6316833111           8.858613
    5    3.0E-02   1.8E-01      20   -6939.3410409673   359487.0132157200    -9.0110380403           1.545269
    6    2.9E-02   1.8E-01      20   -6939.9264281393   359486.4278285480    -0.5853871720           0.904082
    7    2.9E-02   2.8E-01      30   -6939.8852848138   359486.4689718735     0.0411433255           1.062353
    8    3.1E-02   3.5E-01      40   -6939.8122384991   359486.5420181882     0.0730463147           1.229941
    9    3.1E-02   3.5E-01      40   -6939.4321564913   359486.9221001961     0.3800820079           0.372959
   10    2.8E-02   3.5E-01      40   -6939.3727540256   359486.9815026617     0.0594024657           0.243603
   11    2.7E-02   3.5E-01      40   -6939.8841125001   359486.4701441873    -0.5113584745           0.498860
   12    2.7E-02   4.4E-01      50   -6939.5033854672   359486.8508712202     0.3807270329           1.472216
   13    2.7E-02   4.5E-01      50   -6939.9663302333   359486.3879264540    -0.4629447661           1.785749
   14    2.7E-02   5.2E-01      60   -6939.7251055303   359486.6291511571     0.2412247030           0.172993
   15    3.3E-02   5.2E-01      60   -6940.0058387397   359486.3484179477    -0.2807332094           1.210948
   16    2.9E-02   6.0E-01      70   -6939.9299094149   359486.4243472724     0.0759293248           0.497584
   17    3.0E-02   7.0E-01      80   -6939.9284208161   359486.4258358713     0.0014885989           1.589577
   18    3.2E-02   7.1E-01      80   -6940.2460013249   359486.1082553625    -0.3175805088           0.702442
   19    2.8E-02   8.0E-01      90   -6939.9079185732   359486.4463381141     0.3380827516           1.306939
   20    2.8E-02   7.8E-01      90   -6939.8059218572   359486.5483348301     0.1019967161           0.799936
   21    2.7E-02   7.7E-01      90   -6939.5413900082   359486.8128666791     0.2645318489           0.826580
   22    2.7E-02   7.8E-01      90   -6939.8119158079   359486.5423408794    -0.2705257997           0.744284
   23    2.7E-02   7.7E-01      90   -6939.2965261254   359487.0577305619     0.5153896825           0.967665
   24    2.9E-02   7.8E-01      90   -6940.1009793900   359486.2532772974    -0.8044532645           0.397745
   25    2.7E-02   8.7E-01     100   -6939.8226365670   359486.5316201203     0.2783428229           1.976341
   26    2.9E-02   8.6E-01     100   -6940.0194865039   359486.3347701834    -0.1968499369           0.117791
   27    2.7E-02   9.5E-01     110   -6939.8831266892   359486.4711299982     0.1363598147           0.739442
   28    2.9E-02   9.4E-01     110   -6939.2244782452   359487.1297784421     0.6586484440           1.113131
   29    2.7E-02   9.4E-01     110   -6940.4349204641   359485.9193362233    -1.2104422189           2.106051
   30    2.8E-02   1.1E+00     120   -6939.7562519438   359486.5980047436     0.6786685203           1.329011
   31    2.8E-02   1.1E+00     130   -6939.7475727651   359486.6066839222     0.0086791787           1.374707
   32    2.8E-02   1.1E+00     130   -6939.9274707845   359486.4267859029    -0.1798980194           1.882723
   33    2.7E-02   1.1E+00     130   -6940.1930542645   359486.1612024229    -0.2655834800           0.762230
   34    2.8E-02   1.2E+00     140   -6939.9631355518   359486.3911211355     0.2299187126           0.377880
   35    2.9E-02   1.3E+00     150   -6940.0409563300   359486.3133003574    -0.0778207781           0.815177
   36    2.7E-02   1.4E+00     160   -6940.0141243074   359486.3401323800     0.0268320226           0.270035
   37    2.7E-02   1.5E+00     170   -6939.4616538583   359486.8926028290     0.5524704491           0.287514
   38    2.7E-02   1.5E+00     170   -6940.1320608938   359486.2221957936    -0.6704070355           0.682803
   39    2.7E-02   1.5E+00     180   -6939.8759582951   359486.4782983922     0.2561025986           0.700390
   40    2.7E-02   1.6E+00     190   -6939.8911366965   359486.4631199909    -0.0151784013           1.192665
   41    2.7E-02   1.7E+00     200   -6939.7487290770   359486.6055276103     0.1424076194           0.418036
   42    2.7E-02   1.7E+00     200   -6939.6343250272   359486.7199316601     0.1144040498           0.642896
   43    2.7E-02   1.7E+00     200   -6939.4898933151   359486.8643633723     0.1444317121           1.223319
   44    2.7E-02   1.7E+00     200   -6940.6671834050   359485.6870732823    -1.1772900900           0.540271
   45    2.7E-02   1.8E+00     210   -6939.6977722767   359486.6564844107     0.9694111284           0.248787
   46    2.8E-02   1.9E+00     220   -6940.4656366475   359485.8886200399    -0.7678643708           1.749896
   47    2.7E-02   2.0E+00     230   -6939.9066364235   359486.4476202638     0.5590002240           1.706124
   48    2.7E-02   2.0E+00     230   -6939.8927649913   359486.4614916961     0.0138714323           0.550505
   49    2.7E-02   2.0E+00     240   -6939.6427099384   359486.7115467490     0.2500550529           1.376062
   50    2.6E-02   2.0E+00     240   -6940.2435769011   359486.1106797862    -0.6008669627           0.595039
   51    2.7E-02   2.1E+00     250   -6939.7789981831   359486.5752585042     0.4645787179           0.337072
   52    2.7E-02   2.2E+00     260   -6939.9728780271   359486.3813786603    -0.1938798439           0.344406
   53    2.7E-02   2.3E+00     270   -6939.9194493176   359486.4348073697     0.0534287095           0.622303
   54    2.7E-02   2.4E+00     280   -6939.5782389282   359486.7760177591     0.3412103894           0.977657
   55    2.7E-02   2.4E+00     280   -6940.1742758870   359486.1799808003    -0.5960369588           1.049465
   56    2.7E-02   2.5E+00     290   -6939.5868463429   359486.7674103444     0.5874295441           0.554804
   57    2.7E-02   2.5E+00     290   -6940.1475521811   359486.2067045062    -0.5607058382           0.381919
   58    2.9E-02   2.5E+00     300   -6939.5070492458   359486.8472074416     0.6405029354           1.594441
   59    2.7E-02   2.6E+00     300   -6940.1842889228   359486.1699677645    -0.6772396771           0.851682
   60    2.8E-02   2.6E+00     310   -6940.1129454370   359486.2413112503     0.0713434858           0.447581
   61    2.7E-02   2.8E+00     320   -6939.9126874897   359486.4415691977     0.2002579473           0.111801
   62    2.7E-02   2.8E+00     330   -6940.2227397983   359486.1315168890    -0.3100523087           0.699111
   63    2.7E-02   2.9E+00     340   -6939.3922234182   359486.9620332691     0.8305163801           0.452033
   64    2.6E-02   2.9E+00     340   -6939.8667367294   359486.4875199579    -0.4745133112           0.165375
   65    2.6E-02   2.9E+00     340   -6939.5288758265   359486.8253808608     0.3378609028           0.262501
   66    2.7E-02   2.9E+00     340   -6939.5916982742   359486.7625584131    -0.0628224476           0.232878
   67    2.7E-02   2.9E+00     340   -6939.7409137369   359486.6133429504    -0.1492154628           0.576522
   68    2.7E-02   2.9E+00     340   -6939.8141417072   359486.5401149801    -0.0732279703           1.811576
   69    2.7E-02   2.9E+00     340   -6939.8996484912   359486.4546081962    -0.0855067840           0.600795
   70    2.8E-02   3.0E+00     350   -6939.4184240106   359486.9358326768     0.4812244806           0.627628
   71    2.6E-02   3.0E+00     350   -6939.5519329857   359486.8023237016    -0.1335089752           0.617841
   72    2.7E-02   3.0E+00     350   -6939.6739005359   359486.6803561514    -0.1219675502           0.116497
   73    2.7E-02   3.0E+00     350   -6939.5120210182   359486.8422356691     0.1618795178           1.134036
   74    2.7E-02   3.0E+00     350   -6939.6703236708   359486.6839330165    -0.1583026527           1.324097
   75    2.7E-02   3.0E+00     350   -6939.5984913890   359486.7557652983     0.0718322818           0.594589
   76    2.7E-02   3.0E+00     350   -6940.0207013796   359486.3335553077    -0.4222099906           0.099074
   77    2.7E-02   3.1E+00     360   -6940.3672288876   359485.9870277998    -0.3465275080           0.540217
   78    2.9E-02   3.1E+00     370   -6939.9718607439   359486.3823959435     0.3953681437           0.760157
   79    2.9E-02   3.1E+00     370   -6939.4540657507   359486.9001909366     0.5177949932           1.502499
   80    2.7E-02   3.2E+00     370   -6939.9844400377   359486.3698166496    -0.5303742870           0.802432
   81    2.7E-02   3.1E+00     370   -6939.6736685466   359486.6805881408     0.3107714912           0.637444
   82    2.7E-02   3.0E+00     370   -6940.0318451949   359486.3224114925    -0.3581766483           0.846287
   83    2.6E-02   3.0E+00     380   -6940.0602241417   359486.2940325456    -0.0283789468           1.094755
   84    2.5E-02   3.2E+00     390   -6940.2655019987   359486.0887546887    -0.2052778570           1.181885
   85    2.7E-02   3.2E+00     400   -6940.1575124986   359486.1967441887     0.1079895001           0.344396
   86    2.5E-02   3.3E+00     410   -6940.1343379878   359486.2199186995     0.0231745108           0.702340
   87    2.7E-02   3.3E+00     420   -6939.6039006205   359486.7503560669     0.5304373673           0.504230
   88    2.5E-02   3.4E+00     420   -6939.7318800842   359486.6223766032    -0.1279794637           0.291762
   89    2.6E-02   3.3E+00     420   -6940.1212654188   359486.2329912685    -0.3893853347           0.700359
   90    2.5E-02   3.4E+00     430   -6940.1395852587   359486.2146714287    -0.0183198398           0.942301
   91    2.6E-02   3.5E+00     440   -6939.8979548335   359486.4563018538     0.2416304252           0.309039
   92    2.5E-02   3.6E+00     450   -6939.4570149325   359486.8972417548     0.4409399010           0.860674
   93    2.5E-02   3.6E+00     450   -6939.5997992709   359486.7544574164    -0.1427843384           1.553163
   94    2.7E-02   3.6E+00     450   -6939.5006951336   359486.8535615537     0.0991041373           1.402142
   95    2.5E-02   3.6E+00     450   -6939.5793193625   359486.7749373248    -0.0786242289           0.466119
   96    2.7E-02   3.6E+00     450   -6939.8229223947   359486.5313342927    -0.2436030322           0.862563
   97    2.8E-02   3.6E+00     450   -6939.8070750801   359486.5471816073     0.0158473146           0.519737
   98    2.5E-02   3.6E+00     450   -6939.6494014361   359486.7048552512     0.1576736439           0.356805
   99    2.5E-02   3.6E+00     450   -6939.7974918370   359486.5567648503    -0.1480904009           0.298419
  100    2.5E-02   3.9E+00     460   -6939.9072833724   359486.4469733149    -0.1097915354           0.555495
  101    2.7E-02   3.8E+00     470   -6939.3809972746   359486.9732594127     0.5262860978           0.525011
  102    2.5E-02   3.8E+00     470   -6939.8443854994   359486.5098711879    -0.4633882248           0.419653
  103    2.7E-02   3.7E+00     470   -6940.1244295061   359486.2298271813    -0.2800440067           0.363458
  104    2.5E-02   3.9E+00     480   -6940.1155692919   359486.2386873954     0.0088602142           0.268811
  105    2.5E-02   3.9E+00     490   -6939.7388469080   359486.6154097794     0.3767223840           0.974022
  106    2.7E-02   4.0E+00     490   -6940.3821632716   359485.9720934157    -0.6433163636           0.816160
  107    2.6E-02   4.0E+00     500   -6939.7568381236   359486.5974185637     0.6253251480           0.431473
  108    2.5E-02   4.0E+00     500   -6939.5619407184   359486.7923159690     0.1948974052           0.163687
  109    2.7E-02   4.0E+00     500   -6939.6974332580   359486.6568234293    -0.1354925396           0.374310
  110    2.5E-02   4.1E+00     510   -6939.6501943360   359486.7040623514     0.0472389220           1.064640
  111    2.5E-02   4.1E+00     510   -6939.8244652153   359486.5297914721    -0.1742708793           0.182921
  112    2.5E-02   4.1E+00     510   -6940.2654785490   359486.0887781383    -0.4410133337           0.221384
  113    2.5E-02   4.1E+00     520   -6940.0098224549   359486.3444342325     0.2556560941           0.299927
  114    2.5E-02   4.4E+00     530   -6940.1081523175   359486.2461043698    -0.0983298627           0.223706
  115    2.5E-02   4.3E+00     540   -6939.7301634651   359486.6240932223     0.3779888525           0.318387
  116    2.5E-02   4.3E+00     540   -6939.8588241188   359486.4954325685    -0.1286606538           0.816780
  117    2.5E-02   4.5E+00     550   -6939.7252528450   359486.6290038424     0.1335712738           0.270453
  118    2.7E-02   4.7E+00     550   -6939.8376655081   359486.5165911792    -0.1124126631           0.386385
  119    2.7E-02   4.7E+00     550   -6939.8445255186   359486.5097311688    -0.0068600105           0.480611
  120    2.8E-02   4.6E+00     560   -6939.7617395957   359486.5925170916     0.0827859228           0.169959
  121    2.5E-02   4.5E+00     560   -6939.5508170644   359486.8034396230     0.2109225314           0.718614
  122    2.5E-02   4.6E+00     560   -6940.0280885527   359486.3261681346    -0.4772714884           0.824184
  123    2.7E-02   4.6E+00     560   -6939.8837964717   359486.4704602156     0.1442920810           0.858909
  124    2.7E-02   4.5E+00     560   -6939.7619026181   359486.5923540692     0.1218938536           0.300603
  125    2.5E-02   4.5E+00     560   -6940.2483462220   359486.1059104654    -0.4864436039           0.485132
  126    2.6E-02   4.6E+00     570   -6939.6916688125   359486.6625878748     0.5566774095           0.827045
  127    2.6E-02   4.6E+00     580   -6940.0231687016   359486.3310879857    -0.3314998891           0.166611
  128    2.5E-02   4.7E+00     590   -6939.9016777763   359486.4525789110     0.1214909253           0.446525
  129    2.5E-02   4.7E+00     590   -6940.1085455535   359486.2457111338    -0.2068677772           0.759502
  130    2.5E-02   4.8E+00     600   -6940.1107049238   359486.2435517636    -0.0021593702           0.992156
  131    2.5E-02   4.8E+00     610   -6939.7400197563   359486.6142369311     0.3706851675           0.576290
  132    2.5E-02   5.2E+00     610   -6939.6356094158   359486.7186472716     0.1044103405           0.852843
  133    2.7E-02   5.0E+00     610   -6939.8814719867   359486.4727847006    -0.2458625710           0.552232
  134    2.5E-02   4.9E+00     610   -6939.8264778522   359486.5277788352     0.0549941345           0.146820
  135    2.5E-02   5.0E+00     610   -6939.6572608607   359486.6969958267     0.1692169915           0.687650
  136    2.8E-02   4.9E+00     610   -6940.2747824452   359486.0794742421    -0.6175215845           0.197770
  137    2.5E-02   5.0E+00     620   -6939.8063803377   359486.5478763496     0.4684021075           0.604817
  138    2.5E-02   5.0E+00     620   -6940.1322471891   359486.2220094983    -0.3258668513           1.152165
  139    2.5E-02   5.1E+00     630   -6940.4688320613   359485.8854246260    -0.3365848723           0.704427
  140    2.5E-02   5.1E+00     640   -6939.9920129828   359486.3622437046     0.4768190785           0.544093
  141    2.5E-02   5.3E+00     650   -6939.6689197847   359486.6853369027     0.3230931981           0.603556
  142    2.7E-02   5.3E+00     650   -6940.0447150490   359486.3095416384    -0.3757952643           1.133142
  143    2.5E-02   5.3E+00     660   -6939.7995263368   359486.5547303505     0.2451887121           0.836311
  144    2.5E-02   5.3E+00     660   -6940.5454468627   359485.8088098246    -0.7459205259           0.570648
  145    2.5E-02   5.5E+00     670   -6939.6591260278   359486.6951306596     0.8863208349           0.651478
  146    2.7E-02   5.5E+00     670   -6939.7343583923   359486.6198982950    -0.0752323645           0.753052
  147    2.5E-02   5.3E+00     670   -6939.6490725043   359486.7051841831     0.0852858880           1.212256
  148    2.5E-02   5.4E+00     680   -6939.9704610292   359486.3837956581    -0.3213885249           0.685282
  149    2.5E-02   5.5E+00     690   -6940.1179267956   359486.2363298918    -0.1474657664           1.232359
  150    2.5E-02   5.6E+00     700   -6940.0792152315   359486.2750414558     0.0387115641           0.519607
  151    2.5E-02   5.6E+00     710   -6940.0886285504   359486.2656281370    -0.0094133189           1.383653
  152    2.5E-02   5.8E+00     720   -6939.7273524449   359486.6269042424     0.3612761055           0.498548
  153    2.5E-02   5.8E+00     730   -6939.9681020781   359486.3861546093    -0.2407496332           0.750671
  154    2.7E-02   5.8E+00     730   -6939.7594575758   359486.5947991115     0.2086445023           0.739431
  155    2.5E-02   5.9E+00     740   -6939.3409892402   359487.0132674472     0.4184683357           0.510750
  156    2.5E-02   5.9E+00     740   -6940.0084690853   359486.3457876020    -0.6674798452           0.299804
  157    2.6E-02   6.0E+00     750   -6940.6336338076   359485.7206228797    -0.6251647223           0.366667
  158    2.5E-02   6.0E+00     760   -6939.6165014345   359486.7377552529     1.0171323731           0.377443
  159    2.5E-02   6.0E+00     760   -6939.8758519722   359486.4784047151    -0.2593505377           0.615346
  160    2.5E-02   6.2E+00     770   -6939.8784989683   359486.4757577191    -0.0026469961           0.348177
  161    2.6E-02   6.3E+00     780   -6939.8835571784   359486.4706995089    -0.0050582101           0.411509
  162    2.7E-02   6.2E+00     780   -6940.0694257490   359486.2848309383    -0.1858685706           1.102549
  163    2.5E-02   6.4E+00     790   -6940.2041983484   359486.1500583390    -0.1347725993           0.499093
  164    2.5E-02   6.5E+00     800   -6939.8817104544   359486.4725462330     0.3224878940           0.794036
  165    2.5E-02   6.5E+00     800   -6940.1985405516   359486.1557161357    -0.3168300972           0.711210
  166    2.5E-02   6.4E+00     810   -6939.6029185633   359486.7513381240     0.5956219883           0.827783
  167    2.5E-02   6.4E+00     810   -6939.8907316917   359486.4635249956    -0.2878131284           0.767566
  168    2.5E-02   6.5E+00     820   -6939.9952837746   359486.3589729128    -0.1045520829           0.614651
  169    2.5E-02   6.7E+00     830   -6939.4776083499   359486.8766483375     0.5176754247           1.151158
  170    2.7E-02   6.8E+00     830   -6940.0788564369   359486.2754002505    -0.6012480870           1.189196
  171    2.5E-02   6.7E+00     840   -6940.1547683011   359486.1994883863    -0.0759118642           0.641763
  172    2.5E-02   6.7E+00     850   -6940.1908059694   359486.1634507179    -0.0360376683           0.576690
  173    2.5E-02   6.9E+00     860   -6939.8039095476   359486.5503471398     0.3868964218           0.318947
  174    2.5E-02   6.9E+00     860   -6940.5311113320   359485.8231453553    -0.7272017845           0.502641
  175    2.6E-02   7.0E+00     870   -6939.8954847573   359486.4587719301     0.6356265748           0.900439
  176    2.6E-02   7.1E+00     880   -6939.8711273176   359486.4831293697     0.0243574397           0.463955
  177    2.5E-02   7.2E+00     890   -6939.7223442372   359486.6319124502     0.1487830804           0.364395
  178    2.5E-02   7.1E+00     900   -6939.9522548729   359486.4020018145    -0.2299106357           0.750094
  179    2.7E-02   7.4E+00     910   -6939.5496882321   359486.8045684552     0.4025666407           0.196923
  180    2.5E-02   7.3E+00     910   -6939.9024436302   359486.4518130571    -0.3527553981           0.228598
  181    2.5E-02   7.4E+00     920   -6939.9137280212   359486.4405286662    -0.0112843909           0.342998
  182    2.7E-02   7.5E+00     930   -6939.7926754389   359486.5615812485     0.1210525823           1.836794
  183    2.5E-02   7.5E+00     930   -6939.8942738979   359486.4599827895    -0.1015984590           1.303494
  184    2.7E-02   7.5E+00     940   -6939.9009340627   359486.4533226247    -0.0066601648           0.888400
  185    2.5E-02   7.6E+00     950   -6940.0898560245   359486.2644006629    -0.1889219618           0.368337
  186    2.5E-02   7.6E+00     960   -6939.8802834133   359486.4739732741     0.2095726112           0.382108
  187    2.5E-02   7.7E+00     960   -6939.7066192481   359486.6476374393     0.1736641652           0.863623
  188    2.6E-02   7.7E+00     960   -6939.7052219713   359486.6490347160     0.0013972768           0.954737
  189    2.5E-02   7.7E+00     960   -6940.2242317569   359486.1300249304    -0.5190097856           0.907147
  190    2.5E-02   7.7E+00     970   -6939.8650120940   359486.4892445934     0.3592196629           0.302335
  191    2.5E-02   7.8E+00     980   -6939.8057462893   359486.5485103980     0.0592658046           0.727996
  192    2.5E-02   7.8E+00     980   -6940.0435216023   359486.3107350850    -0.2377753130           0.370932
  193    2.5E-02   8.0E+00     990   -6939.6743613048   359486.6798953825     0.3691602975           0.525012
  194    2.5E-02   7.9E+00     990   -6940.1412780165   359486.2129786709    -0.4669167117           0.195345
  195    2.5E-02   8.0E+00    1000   -6939.7334705352   359486.6207861521     0.4078074813           0.285563
  196    2.8E-02   8.4E+00    1000   -6939.5226726842   359486.8315840032     0.2107978510           0.946394
  197    2.5E-02   8.0E+00    1000   -6939.3718771062   359486.9823795812     0.1507955780           0.450583
  198    2.7E-02   8.0E+00    1000   -6939.9185812167   359486.4356754706    -0.5467041105           0.318327
  199    2.5E-02   8.2E+00    1010   -6940.3177639645   359486.0364927228    -0.3991827478           1.055617
  200    2.7E-02   8.2E+00    1020   -6939.6572351373   359486.6970215500     0.6605288273           1.216370
  201    2.7E-02   8.1E+00    1020   -6940.3708223388   359485.9834343485    -0.7135872015           0.603103
  202    2.5E-02   8.3E+00    1030   -6939.3614282356   359486.9928284517     1.0093941032           2.111693
  203    2.5E-02   8.5E+00    1030   -6940.1586662519   359486.1955904354    -0.7972380163           0.750352
  204    2.5E-02   8.3E+00    1040   -6939.9278332585   359486.4264234289     0.2308329934           0.195618
  205    2.5E-02   8.5E+00    1050   -6940.0235833021   359486.3306733852    -0.0957500436           0.475215
  206    2.7E-02   8.5E+00    1060   -6940.1950625282   359486.1591941591    -0.1714792261           0.325332
  207    2.5E-02   8.6E+00    1070   -6939.9396969331   359486.4145597543     0.2553655951           0.679182
  208    2.5E-02   8.6E+00    1080   -6940.0266874229   359486.3275692645    -0.0869904898           1.393383
  209    2.6E-02   9.3E+00    1090   -6940.2041886947   359486.1500679926    -0.1775012718           0.999800
  210    2.7E-02   9.0E+00    1100   -6940.2208489125   359486.1334077748    -0.0166602178           0.453012
  211    2.7E-02   8.9E+00    1110   -6939.9963672810   359486.3578894063     0.2244816315           0.418184
  212    2.5E-02   8.9E+00    1120   -6939.5927423421   359486.7615143452     0.4036249390           0.544558
  213    2.7E-02   8.9E+00    1120   -6939.7543295838   359486.5999271036    -0.1615872417           0.704653
  214    2.5E-02   9.0E+00    1120   -6939.7912843785   359486.5629723088    -0.0369547947           1.591547
  215    2.6E-02   8.9E+00    1120   -6939.7837292451   359486.5705274422     0.0075551334           0.661184
  216    2.5E-02   8.9E+00    1120   -6940.2359484089   359486.1183082784    -0.4522191637           0.376850
  217    2.5E-02   9.1E+00    1130   -6939.1736289308   359487.1806277565     1.0623194780           1.866713
  218    2.5E-02   9.0E+00    1130   -6940.1691782421   359486.1850784452    -0.9955493113           1.788276
  219    2.5E-02   9.2E+00    1140   -6939.8641235410   359486.4901331463     0.3050547011           0.398505
  220    2.5E-02   9.1E+00    1140   -6940.0906537525   359486.2636029348    -0.2265302115           0.783441
  221    2.7E-02   9.2E+00    1150   -6940.0654472673   359486.2888094201     0.0252064852           0.291444
  222    2.5E-02   9.4E+00    1160   -6939.8097991875   359486.5444574998     0.2556480797           0.912704
  223    2.5E-02   9.3E+00    1170   -6939.5176583067   359486.8365983806     0.2921408808           0.873794
  224    2.5E-02   9.5E+00    1170   -6940.1775176888   359486.1767389986    -0.6598593821           1.057370
  225    2.5E-02   9.6E+00    1180   -6940.1079163021   359486.2463403852     0.0696013867           1.631286
  226    2.6E-02   9.5E+00    1190   -6940.0227660986   359486.3314905888     0.0851502035           0.235671
  227    2.5E-02   9.6E+00    1200   -6939.9456168958   359486.4086397915     0.0771492028           0.369986
  228    2.5E-02   9.8E+00    1210   -6939.9651509094   359486.3891057780    -0.0195340136           0.265247
  229    2.9E-02   9.8E+00    1210   -6939.8324277330   359486.5218289543     0.1327231764           1.027548
  230    2.7E-02   9.7E+00    1210   -6939.8028922037   359486.5513644837     0.0295355293           1.624684
  231    2.5E-02   9.7E+00    1210   -6940.0320879465   359486.3221687409    -0.2291957428           0.428121
  232    2.5E-02   9.7E+00    1220   -6940.0231704485   359486.3310862388     0.0089174980           1.045801
  233    2.5E-02   9.8E+00    1230   -6939.9657221918   359486.3885344955     0.0574482567           0.598445
  234    2.5E-02   9.9E+00    1240   -6940.1286940729   359486.2255626144    -0.1629718811           0.582857
  235    2.5E-02   1.0E+01    1250   -6939.9166626907   359486.4375939966     0.2120313821           0.722997
  236    2.5E-02   1.0E+01    1260   -6939.6761891229   359486.6780675645     0.2404735678           1.034004
  237    2.5E-02   1.0E+01    1260   -6939.9446026285   359486.4096540589    -0.2684135056           0.972720
  238    2.7E-02   1.0E+01    1270   -6939.6085735752   359486.7456831121     0.3360290533           1.268195
  239    2.5E-02   1.0E+01    1270   -6939.4019521903   359486.9523044971     0.2066213849           0.411926
  240    2.5E-02   1.0E+01    1270   -6939.4086942593   359486.9455624280    -0.0067420690           0.839984
  241    2.5E-02   1.0E+01    1270   -6940.2988969658   359486.0553597215    -0.8902027065           0.924408
  242    2.5E-02   1.0E+01    1280   -6940.2257404553   359486.1285162320     0.0731565105           0.467066
  243    2.6E-02   1.0E+01    1290   -6939.9788618986   359486.3753947887     0.2468785567           0.362123
  244    2.5E-02   1.0E+01    1300   -6939.6365035541   359486.7177531332     0.3423583445           0.772447
  245    2.5E-02   1.0E+01    1300   -6940.0124116440   359486.3418450434    -0.3759080899           0.777894
  246    2.5E-02   1.0E+01    1310   -6939.9066784860   359486.4475782014     0.1057331580           0.935391
  247    2.6E-02   1.1E+01    1320   -6940.2082008641   359486.1460558232    -0.3015223781           0.576761
  248    2.5E-02   1.1E+01    1330   -6940.2439293582   359486.1103273291    -0.0357284941           0.462961
  249    2.5E-02   1.1E+01    1340   -6939.5155756150   359486.8386810723     0.7283537433           1.192044
  250    2.5E-02   1.1E+01    1340   -6939.7909328416   359486.5633238457    -0.2753572266           0.250801
  251    2.5E-02   1.1E+01    1340   -6939.6178502014   359486.7364064859     0.1730826402           0.389653
  252    2.5E-02   1.1E+01    1340   -6939.7719594303   359486.5822972571    -0.1541092289           0.493718
  253    2.6E-02   1.1E+01    1350   -6939.8388076256   359486.5154490618    -0.0668481953           0.850170
  254    2.5E-02   1.1E+01    1360   -6939.6577597661   359486.6964969212     0.1810478595           0.802825
  255    2.5E-02   1.1E+01    1360   -6939.9553085959   359486.3989480915    -0.2975488297           0.678951
  256    2.5E-02   1.1E+01    1370   -6939.9697902392   359486.3844664481    -0.0144816434           1.031420
  257    2.6E-02   1.1E+01    1380   -6939.8237230187   359486.5305336686     0.1460672205           1.155547
  258    2.5E-02   1.2E+01    1390   -6940.0405976651   359486.3136590222    -0.2168746465           0.254414
  259    2.5E-02   1.1E+01    1400   -6940.3992362306   359485.9550204567    -0.3586385654           1.520530
  260    2.7E-02   1.1E+01    1410   -6940.2331000079   359486.1211566795     0.1661362227           0.580031
  261    2.4E-02   1.1E+01    1420   -6939.9520034350   359486.4022532523     0.2810965729           0.897197
  262    2.5E-02   1.1E+01    1430   -6940.0617397846   359486.2925169027    -0.1097363497           1.179412
  263    2.5E-02   1.2E+01    1440   -6940.3697938747   359485.9844628126    -0.3080540901           0.724815
  264    2.7E-02   1.2E+01    1450   -6939.7472073037   359486.6070493837     0.6225865711           0.217543
  265    2.8E-02   1.2E+01    1460   -6940.0394575049   359486.3147991825    -0.2922502012           1.393010
  266    2.6E-02   1.2E+01    1470   -6939.7043881240   359486.6498685633     0.3350693809           0.571581
  267    2.6E-02   1.2E+01    1470   -6939.9889527444   359486.3653039429    -0.2845646204           0.631430
  268    2.7E-02   1.2E+01    1470   -6939.7215743953   359486.6326822921     0.2673783492           0.494140
  269    2.8E-02   1.2E+01    1470   -6939.7370190588   359486.6172376286    -0.0154446635           0.789211
  270    2.7E-02   1.2E+01    1470   -6939.8119454748   359486.5423112126    -0.0749264159           0.180402
  271    2.7E-02   1.2E+01    1470   -6939.7298374969   359486.6244191904     0.0821079778           0.574487
  272    2.5E-02   1.2E+01    1470   -6940.1380880494   359486.2161686379    -0.4082505525           0.481967
  273    2.6E-02   1.2E+01    1480   -6940.0521104698   359486.3021462176     0.0859775796           0.616469
  274    2.7E-02   1.2E+01    1490   -6940.0560718647   359486.2981848227    -0.0039613949           0.620428
  275    2.7E-02   1.2E+01    1490   -6939.4162999835   359486.9379567038     0.6397718812           0.908871
  276    2.6E-02   1.2E+01    1490   -6939.7801051861   359486.5741515012    -0.3638052026           0.997072
  277    2.7E-02   1.2E+01    1500   -6940.0047141661   359486.3495425213    -0.2246089799           0.830244
  278    2.5E-02   1.2E+01    1510   -6939.6785925279   359486.6756641594     0.3261216381           0.467995
  279    2.5E-02   1.2E+01    1510   -6939.6622412481   359486.6920154393     0.0163512799           0.290689
  280    2.5E-02   1.2E+01    1510   -6939.5002572301   359486.8539994572     0.1619840179           0.468190
  281    2.6E-02   1.2E+01    1510   -6939.3850754162   359486.9691812712     0.1151818139           0.979960
  282    2.7E-02   1.2E+01    1510   -6939.5809648700   359486.7732918173    -0.1958894538           0.693377
  283    2.5E-02   1.2E+01    1510   -6939.9117132572   359486.4425434301    -0.3307483872           0.444008
  284    2.5E-02   1.2E+01    1510   -6939.5368210869   359486.8174356004     0.3748921703           0.717268
  285    2.7E-02   1.2E+01    1510   -6939.4634858091   359486.8907708782     0.0733352778           0.936138
  286    2.5E-02   1.2E+01    1510   -6939.7087844742   359486.6454722131    -0.2452986651           0.546266
  287    2.5E-02   1.2E+01    1510   -6939.9157045153   359486.4385521720    -0.2069200411           0.624025
  288    2.5E-02   1.2E+01    1520   -6939.7016399213   359486.6526167660     0.2140645940           0.564166
  289    2.7E-02   1.2E+01    1520   -6940.4163448330   359485.9379118544    -0.7147049117           0.949455
  290    2.7E-02   1.2E+01    1530   -6939.6788827569   359486.6753739305     0.7374620762           0.426588
  291    2.5E-02   1.2E+01    1530   -6939.7692140060   359486.5850426813    -0.0903312492           0.609323
  292    2.7E-02   1.2E+01    1530   -6940.2570362445   359486.0972204428    -0.4878222385           0.199192
  293    2.5E-02   1.3E+01    1540   -6939.7975762178   359486.5566804695     0.4594600267           0.558461
  294    2.5E-02   1.2E+01    1540   -6939.8122634319   359486.5419932555    -0.0146872141           0.569714
  295    2.5E-02   1.2E+01    1540   -6939.5292503453   359486.8250063421     0.2830130866           0.475932
  296    2.5E-02   1.2E+01    1540   -6939.7100972874   359486.6441594000    -0.1808469421           0.216992
  297    2.5E-02   1.2E+01    1540   -6940.0521186831   359486.3021380042    -0.3420213958           0.263685
  298    2.8E-02   1.3E+01    1550   -6940.1479777396   359486.2062789477    -0.0958590565           0.947853
  299    2.7E-02   1.2E+01    1560   -6940.0267509624   359486.3275057250     0.1212267773           0.187925
  300    2.6E-02   1.3E+01    1570   -6939.6837621854   359486.6704945019     0.3429887770           0.949145
  301    2.5E-02   1.3E+01    1570   -6940.1766974084   359486.1775592789    -0.4929352231           0.374893
  302    2.5E-02   1.3E+01    1580   -6940.0617188732   359486.2925378142     0.1149785353           0.327963
  303    2.7E-02   1.3E+01    1590   -6940.2801357678   359486.0741209195    -0.2184168947           1.034555
  304    2.6E-02   1.3E+01    1600   -6940.0509855798   359486.3032711076     0.2291501880           0.434439
  305    2.7E-02   1.3E+01    1600   -6939.5206938562   359486.8335628312     0.5302917236           0.465169
  306    2.5E-02   1.3E+01    1600   -6939.9963704550   359486.3578862323    -0.4756765989           0.342928
  307    2.7E-02   1.3E+01    1610   -6939.9045383308   359486.4497183566     0.0918321243           0.798442
  308    2.7E-02   1.3E+01    1610   -6940.1211770657   359486.2330796216    -0.2166387349           0.366291
  309    2.5E-02   1.3E+01    1620   -6939.7715349676   359486.5827217198     0.3496420981           0.390767
  310    2.5E-02   1.3E+01    1630   -6939.8430933074   359486.5111633799    -0.0715583398           1.397650
  311    2.5E-02   1.3E+01    1640   -6939.8863704932   359486.4678861942    -0.0432771858           0.495491
  312    2.7E-02   1.3E+01    1640   -6940.1737791948   359486.1804774925    -0.2874087016           1.072601
  313    2.7E-02   1.3E+01    1650   -6939.5373312107   359486.8169254767     0.6364479841           0.913392
  314    2.7E-02   1.3E+01    1650   -6940.1678180302   359486.1864386571    -0.6304868195           0.714299
  315    2.6E-02   1.3E+01    1660   -6940.0888396277   359486.2654170597     0.0789784025           0.522295
  316    2.6E-02   1.3E+01    1670   -6939.8268277899   359486.5274288974     0.2620118377           0.621152
  317    2.5E-02   1.4E+01    1670   -6939.6392772560   359486.7149794313     0.1875505339           0.650789
  318    2.6E-02   1.3E+01    1670   -6939.9521985214   359486.4020581660    -0.3129212653           1.248367
  319    2.6E-02   1.4E+01    1680   -6939.8312375495   359486.5230191379     0.1209609719           0.965712
  320    2.5E-02   1.4E+01    1690   -6940.0878448449   359486.2664118424    -0.2566072955           0.251419
  321    2.5E-02   1.4E+01    1700   -6939.5603906908   359486.7938659965     0.5274541541           1.042884
  322    2.5E-02   1.4E+01    1700   -6939.8984717086   359486.4557849787    -0.3380810178           0.366022
  323    2.5E-02   1.4E+01    1700   -6939.2192307592   359487.1350259281     0.6792409494           1.659793
  324    2.5E-02   1.4E+01    1700   -6940.3288425138   359486.0254141735    -1.1096117546           0.241260
  325    2.5E-02   1.4E+01    1710   -6940.1185061435   359486.2357505438     0.2103363703           0.994448
  326    2.5E-02   1.4E+01    1720   -6939.8466710286   359486.5075856587     0.2718351149           0.759063
  327    2.5E-02   1.4E+01    1720   -6940.1887471440   359486.1655095433    -0.3420761153           0.502856
  328    2.6E-02   1.4E+01    1730   -6940.3251427796   359486.0291139077    -0.1363956357           1.643861
  329    2.8E-02   1.4E+01    1740   -6939.5017294775   359486.8525272098     0.8234133021           0.615832
  330    2.5E-02   1.4E+01    1740   -6939.6935207092   359486.6607359781    -0.1917912317           0.537634
  331    2.5E-02   1.4E+01    1740   -6940.0543823275   359486.2998743598    -0.3608616183           1.181476
  332    2.5E-02   1.4E+01    1750   -6940.0087463797   359486.3455103076     0.0456359478           0.500084
  333    2.5E-02   1.4E+01    1760   -6939.6470769921   359486.7071796952     0.3616693876           0.310323
  334    2.7E-02   1.4E+01    1760   -6939.8531069770   359486.5011497103    -0.2060299849           0.307092
  335    2.5E-02   1.4E+01    1760   -6940.0231892742   359486.3310674131    -0.1700822972           0.344791
  336    2.5E-02   1.4E+01    1770   -6939.8030175687   359486.5512391186     0.2201717055           0.710791
  337    2.5E-02   1.4E+01    1770   -6940.1883571466   359486.1658995408    -0.3853395778           0.404522
  338    2.5E-02   1.4E+01    1780   -6939.4915775546   359486.8626791327     0.6967795919           1.448761
  339    2.7E-02   1.4E+01    1780   -6939.8165192933   359486.5377373940    -0.3249417387           0.564927
  340    2.5E-02   1.4E+01    1780   -6939.5672542488   359486.7870024386     0.2492650445           0.971500
  341    2.5E-02   1.4E+01    1780   -6939.6965021914   359486.6577544960    -0.1292479426           0.391856
  342    2.5E-02   1.4E+01    1780   -6940.3766363258   359485.9776203615    -0.6801341344           1.435993
  343    2.5E-02   1.4E+01    1790   -6939.7617064170   359486.5925502704     0.6149299088           1.264026
  344    2.6E-02   1.4E+01    1790   -6939.5162324601   359486.8380242272     0.2454739569           0.681009
  345    2.5E-02   1.5E+01    1790   -6939.3164527989   359487.0378038884     0.1997796612           0.301035
  346    2.7E-02   1.4E+01    1790   -6939.8419221193   359486.5123345680    -0.5254693204           0.320974
  347    2.7E-02   1.4E+01    1800   -6939.9142803449   359486.4399763424    -0.0723582256           0.446487
  348    2.5E-02   1.5E+01    1810   -6939.3981552990   359486.9561013883     0.5161250459           0.918420
  349    2.5E-02   1.5E+01    1810   -6940.4075581350   359485.9466985523    -1.0094028360           1.114478
  350    2.5E-02   1.5E+01    1820   -6939.9420233298   359486.4122333576     0.4655348053           0.646265
  351    2.6E-02   1.5E+01    1830   -6939.9838445774   359486.3704121099    -0.0418212476           0.357993
  352    2.8E-02   1.5E+01    1830   -6938.9735140700   359487.3807426174     1.0103305074           0.849380
  353    2.5E-02   1.5E+01    1830   -6939.6455051611   359486.7087515263    -0.6719910911           1.168073
  354    2.7E-02   1.5E+01    1830   -6939.8384100975   359486.5158465898    -0.1929049364           0.823148
  355    2.5E-02   1.5E+01    1840   -6940.0150201830   359486.3392365043    -0.1766100855           0.588662
  356    2.5E-02   1.5E+01    1840   -6939.6370430014   359486.7172136860     0.3779771817           0.274837
  357    2.5E-02   1.5E+01    1840   -6940.2555602057   359486.0986964816    -0.6185172044           0.577220
  358    2.5E-02   1.5E+01    1850   -6940.4338096463   359485.9204470410    -0.1782494406           1.426435
  359    2.5E-02   1.5E+01    1860   -6939.9424097594   359486.4118469279     0.4913998870           0.630505
  360    2.5E-02   1.5E+01    1870   -6939.5734124237   359486.7808442636     0.3689973356           0.509146
  361    2.5E-02   1.5E+01    1870   -6939.5327729869   359486.8214837004     0.0406394368           1.209189
  362    2.5E-02   1.5E+01    1870   -6940.0359295818   359486.3183271055    -0.5031565949           0.375828
  363    2.5E-02   1.5E+01    1880   -6939.8759273917   359486.4783292956     0.1600021901           0.902635
  364    2.5E-02   1.5E+01    1880   -6939.7415814966   359486.6126751907     0.1343458951           1.476508
  365    2.6E-02   1.5E+01    1880   -6939.8020390280   359486.5522176594    -0.0604575313           0.261079
  366    2.5E-02   1.5E+01    1880   -6940.3749156916   359485.9793409957    -0.5728766637           0.417740
  367    2.5E-02   1.5E+01    1890   -6939.2034664448   359487.1507902425     1.1714492468           1.334899
  368    2.5E-02   1.5E+01    1890   -6939.8565144500   359486.4977422373    -0.6530480052           0.564830
  369    2.5E-02   1.5E+01    1890   -6940.2077416194   359486.1465150680    -0.3512271693           1.051100
  370    2.5E-02   1.5E+01    1900   -6939.7421092468   359486.6121474405     0.4656323725           1.428468
  371    2.5E-02   1.5E+01    1910   -6940.0270882808   359486.3271684065    -0.2849790340           0.491524
  372    2.7E-02   1.5E+01    1920   -6939.9620735269   359486.3921831604     0.0650147539           0.642625
  373    2.7E-02   1.5E+01    1930   -6939.7103086382   359486.6439480491     0.2517648887           1.175575
  374    2.8E-02   1.5E+01    1940   -6939.6319722557   359486.7222844317     0.0783363825           0.985070
  375    2.7E-02   1.5E+01    1940   -6939.9428786975   359486.4113779898    -0.3109064419           1.427312
  376    2.7E-02   1.5E+01    1950   -6939.7788976057   359486.5753590817     0.1639810919           0.837668
  377    2.5E-02   1.6E+01    1960   -6939.9852010790   359486.3690556083    -0.2063034733           0.671524
  378    2.5E-02   1.6E+01    1970   -6939.7502962223   359486.6039604651     0.2349048567           0.683095
  379    2.5E-02   1.6E+01    1970   -6940.0203345052   359486.3339221822    -0.2700382829           0.423072
  380    2.5E-02   1.6E+01    1980   -6939.2471601915   359487.1070964959     0.7731743137           0.377050
  381    2.6E-02   1.6E+01    1980   -6940.6716611091   359485.6825955783    -1.4245009176           1.620834
  382    2.5E-02   1.6E+01    1990   -6940.4878605086   359485.8663961788     0.1838006005           0.569627
  383    2.5E-02   1.6E+01    2000   -6939.8176731429   359486.5365835444     0.6701873656           0.846574
  384    2.5E-02   1.6E+01    2000   -6939.6859274923   359486.6683291951     0.1317456506           0.879871
  385    2.5E-02   1.6E+01    2000   -6939.7452207805   359486.6090359068    -0.0592932882           1.085669
  386    2.7E-02   1.6E+01    2000   -6939.2230522487   359487.1312044386     0.5221685318           0.899333
  387    2.4E-02   1.6E+01    2000   -6940.2553287593   359486.0989279280    -1.0322765106           0.360390
  388    2.5E-02   1.6E+01    2010   -6939.7699734045   359486.5842832829     0.4853553548           0.621416
  389    2.5E-02   1.6E+01    2010   -6939.6840262472   359486.6702304402     0.0859471573           0.347966
  390    2.5E-02   1.6E+01    2010   -6940.1549816993   359486.1992749880    -0.4709554521           0.387170
  391    2.5E-02   1.6E+01    2020   -6939.6851462883   359486.6691103990     0.4698354110           0.927033
  392    2.6E-02   1.6E+01    2020   -6939.6682525343   359486.6860041531     0.0168937540           0.465009
  393    2.5E-02   1.6E+01    2020   -6939.7760943861   359486.5781623013    -0.1078418518           0.583555
  394    2.5E-02   1.6E+01    2020   -6940.1673567522   359486.1868999351    -0.3912623662           0.297259
  395    2.5E-02   1.6E+01    2030   -6939.7337967369   359486.6204599504     0.4335600153           0.361777
  396    2.7E-02   1.6E+01    2040   -6939.4279488706   359486.9263078167     0.3058478663           0.132737
  397    2.5E-02   1.6E+01    2040   -6940.0447139993   359486.3095426881    -0.6167651286           1.417033
  398    2.5E-02   1.6E+01    2050   -6939.7539221490   359486.6003345384     0.2907918503           0.777618
  399    2.5E-02   1.6E+01    2050   -6939.6947616916   359486.6594949958     0.0591604574           0.327710
  400    2.7E-02   1.7E+01    2050   -6939.8754913058   359486.4787653815    -0.1807296143           0.233704
  401    2.5E-02   1.6E+01    2060   -6940.0233153431   359486.3309413443    -0.1478240372           0.820413
  402    2.7E-02   1.7E+01    2070   -6939.6947397721   359486.6595169152     0.3285755709           0.172390
  403    2.5E-02   1.7E+01    2070   -6939.9745950945   359486.3796615929    -0.2798553223           0.505482
  404    2.5E-02   1.7E+01    2080   -6939.9907178446   359486.3635388427    -0.0161227501           0.732137
  405    2.5E-02   1.8E+01    2080   -6940.0760466931   359486.2782099942    -0.0853288485           1.225377
  406    2.5E-02   1.7E+01    2090   -6939.3735219383   359486.9807347491     0.7025247549           0.831745
  407    2.7E-02   1.7E+01    2090   -6939.7262942523   359486.6279624350    -0.3527723141           1.049966
  408    2.5E-02   1.7E+01    2090   -6940.1599731791   359486.1942835082    -0.4336789268           0.648481
  409    2.5E-02   1.7E+01    2100   -6939.7338517367   359486.6204049506     0.4261214424           0.493909
  410    2.6E-02   1.7E+01    2100   -6939.8135397366   359486.5407169508    -0.0796879999           0.660501
  411    2.5E-02   1.7E+01    2110   -6939.9147195339   359486.4395371534    -0.1011797974           0.214566
  412    2.5E-02   1.7E+01    2120   -6939.9094055249   359486.4448511624     0.0053140091           0.216582
  413    2.5E-02   1.7E+01    2130   -6939.4977938053   359486.8564628820     0.4116117196           0.419594
  414    2.7E-02   1.7E+01    2130   -6939.7844268592   359486.5698298281    -0.2866330539           0.943901
  415    2.5E-02   1.7E+01    2130   -6940.1461496797   359486.2081070077    -0.3617228204           1.203151
  416    2.5E-02   1.7E+01    2140   -6939.8102639823   359486.5439927050     0.3358856973           0.789211
  417    2.5E-02   1.7E+01    2140   -6939.7286474223   359486.6256092650     0.0816165600           1.204052
  418    2.7E-02   1.7E+01    2140   -6939.8637287868   359486.4905279005    -0.1350813645           0.198616
  419    2.4E-02   1.7E+01    2140   -6939.5586481559   359486.7956085314     0.3050806309           0.862220
  420    2.7E-02   1.7E+01    2140   -6940.2738837724   359486.0803729150    -0.7152356164           1.129407
  421    2.5E-02   1.7E+01    2150   -6939.8808766441   359486.4733800432     0.3930071283           0.289090
  422    2.5E-02   1.7E+01    2160   -6939.2783911481   359487.0758655393     0.6024854960           1.403970
  423    2.7E-02   1.7E+01    2160   -6939.8989505407   359486.4553061466    -0.6205593926           1.090143
  424    2.5E-02   1.7E+01    2160   -6940.1736455226   359486.1806111647    -0.2746949820           0.680106
  425    2.5E-02   1.7E+01    2170   -6939.9328196234   359486.4214370639     0.2408258992           0.283860
  426    2.5E-02   1.7E+01    2180   -6940.2777427612   359486.0765139262    -0.3449231377           1.072033
  427    2.7E-02   1.8E+01    2190   -6940.0189240932   359486.3353325942     0.2588186680           0.515346
  428    2.5E-02   1.8E+01    2200   -6939.8979358718   359486.4563208155     0.1209882214           0.637060
  429    2.5E-02   1.8E+01    2210   -6939.4933644300   359486.8608922573     0.4045714418           1.114592
  430    2.7E-02   1.8E+01    2210   -6940.1474204446   359486.2068362428    -0.6540560145           0.494351
  431    2.5E-02   1.8E+01    2220   -6939.6114405664   359486.7428161210     0.5359798782           0.360966
  432    2.7E-02   1.8E+01    2220   -6939.7323522612   359486.6219044261    -0.1209116949           0.340119
  433    2.7E-02   1.8E+01    2220   -6939.9937646463   359486.3604920410    -0.2614123851           0.558286
  434    2.5E-02   1.8E+01    2230   -6940.0972888753   359486.2569678121    -0.1035242289           0.832093
  435    2.5E-02   1.8E+01    2240   -6940.2079890614   359486.1462676260    -0.1107001861           0.802943
  436    2.5E-02   1.8E+01    2250   -6939.5382357200   359486.8160209674     0.6697533414           1.166557
  437    2.6E-02   1.8E+01    2250   -6939.5537664426   359486.8004902448    -0.0155307226           0.993200
  438    2.5E-02   1.8E+01    2250   -6939.7039340802   359486.6503226071    -0.1501676376           0.249463
  439    2.7E-02   1.8E+01    2250   -6940.0508516032   359486.3034050842    -0.3469175229           0.490542
  440    2.5E-02   1.8E+01    2250   -6939.6835646813   359486.6706920061     0.3672869219           0.317183
  441    2.5E-02   1.8E+01    2260   -6939.7250311431   359486.6292255442    -0.0414664619           0.374568
  442    2.7E-02   1.8E+01    2270   -6939.8653204391   359486.4889362483    -0.1402892959           0.284013
  443    2.5E-02   1.8E+01    2280   -6939.4512981345   359486.9029585529     0.4140223046           0.616543
  444    2.7E-02   1.8E+01    2280   -6939.9651753823   359486.3890813050    -0.5138772479           0.772536
  445    2.5E-02   1.8E+01    2280   -6939.7066767990   359486.6475798883     0.2584985833           0.732159
  446    2.5E-02   1.8E+01    2280   -6939.8396533065   359486.5146033808    -0.1329765076           0.427665
  447    2.5E-02   1.8E+01    2280   -6939.4712186272   359486.8830380601     0.3684346793           0.453116
  448    2.5E-02   1.9E+01    2280   -6940.2046144270   359486.1496422603    -0.7333957998           1.004963
  449    2.5E-02   1.8E+01    2290   -6939.8588910985   359486.4953655889     0.3457233286           0.828267
  450    2.5E-02   1.8E+01    2290   -6939.8297283023   359486.5245283851     0.0291627962           0.328024
  451    2.5E-02   1.8E+01    2290   -6939.8235564489   359486.5307002384     0.0061718533           0.222808
  452    2.6E-02   1.8E+01    2300   -6939.8770190552   359486.4772376321    -0.0534626063           0.567243
  453    2.5E-02   1.8E+01    2300   -6939.8307228820   359486.5235338053     0.0462961732           0.390509
  454    2.5E-02   1.8E+01    2300   -6940.0277122263   359486.3265444611    -0.1969893443           0.531915
  455    2.5E-02   1.8E+01    2310   -6939.6261932765   359486.7280634108     0.4015189498           0.368643
  456    2.5E-02   1.8E+01    2310   -6940.0029555312   359486.3513011562    -0.3767622547           0.403859
  457    2.5E-02   1.8E+01    2310   -6939.9650835615   359486.3891731258     0.0378719697           0.874003
  458    2.5E-02   1.8E+01    2320   -6939.6331157755   359486.7211409119     0.3319677860           0.375871
  459    2.7E-02   1.9E+01    2320   -6940.0669902927   359486.2872663946    -0.4338745173           1.136644
  460    2.5E-02   1.9E+01    2330   -6939.8748694462   359486.4793872411     0.1921208465           0.543041
  461    2.5E-02   1.9E+01    2340   -6939.9853051627   359486.3689515246    -0.1104357165           1.336934
  462    2.7E-02   1.9E+01    2350   -6939.6903764496   359486.6638802377     0.2949287131           0.497192
  463    2.5E-02   1.9E+01    2350   -6939.8897202079   359486.4645364794    -0.1993437583           1.461961
  464    2.5E-02   1.9E+01    2360   -6939.5619460391   359486.7923106483     0.3277741688           0.478426
  465    2.7E-02   1.9E+01    2360   -6939.9540566022   359486.4002000851    -0.3921105631           0.623983
  466    2.5E-02   1.9E+01    2370   -6939.3877083612   359486.9665483262     0.5663482410           0.910570
  467    2.5E-02   1.9E+01    2370   -6939.8058559731   359486.5484007142    -0.4181476119           0.757208
  468    2.5E-02   1.9E+01    2370   -6939.9866336084   359486.3676230789    -0.1807776353           0.440319
  469    2.5E-02   1.9E+01    2370   -6939.6457296600   359486.7085270273     0.3409039484           0.655376
  470    2.5E-02   1.9E+01    2370   -6939.5991465869   359486.7551101004     0.0465830732           1.304692
  471    2.5E-02   1.9E+01    2370   -6940.0555986103   359486.2986580770    -0.4564520235           0.598477
  472    2.5E-02   1.9E+01    2380   -6940.1113208386   359486.2429358488    -0.0557222282           0.209510
  473    2.5E-02   1.9E+01    2390   -6939.7237201850   359486.6305365024     0.3876006536           0.200153
  474    2.5E-02   1.9E+01    2390   -6939.6419595871   359486.7122971002     0.0817605979           0.307936
  475    2.5E-02   1.9E+01    2390   -6940.0017853347   359486.3524713527    -0.3598257476           0.570451
  476    2.5E-02   1.9E+01    2400   -6940.3860974477   359485.9681592396    -0.3843121130           0.762272
  477    2.5E-02   1.9E+01    2410   -6939.6992542703   359486.6550024170     0.6868431774           1.299687
  478    2.5E-02   1.9E+01    2410   -6939.8777879430   359486.4764687444    -0.1785336726           0.268031
  479    2.5E-02   1.9E+01    2410   -6939.5866256796   359486.7676310077     0.2911622634           0.881315
  480    2.5E-02   1.9E+01    2410   -6940.1512415335   359486.2030151538    -0.5646158539           0.699324
  481    2.5E-02   1.9E+01    2420   -6939.8265080716   359486.5277486158     0.3247334620           0.182269
  482    2.5E-02   1.9E+01    2430   -6940.1483698984   359486.2058867889    -0.3218618269           0.239916
  483    2.5E-02   1.9E+01    2440   -6939.4944005066   359486.8598561808     0.6539693919           0.285812
  484    2.5E-02   1.9E+01    2440   -6939.7919253051   359486.5623313822    -0.2975247985           0.784294
  485    2.9E-02   1.9E+01    2440   -6939.4818156796   359486.8724410078     0.3101096255           0.408904
  486    2.5E-02   1.9E+01    2440   -6939.6213803173   359486.7328763700    -0.1395646377           1.553960
  487    2.5E-02   1.9E+01    2440   -6939.8373035926   359486.5169530947    -0.2159232753           0.540096
  488    2.5E-02   1.9E+01    2440   -6939.7980332475   359486.5562234398     0.0392703451           0.948803
  489    2.5E-02   1.9E+01    2450   -6939.5790345599   359486.7752221274     0.2189986876           1.446929
  490    2.5E-02   2.0E+01    2450   -6939.2307550528   359487.1235016346     0.3482795072           1.217684
  491    2.7E-02   1.9E+01    2450   -6939.8225510871   359486.5317056003    -0.5917960343           0.374977
  492    2.7E-02   2.0E+01    2460   -6939.8922601982   359486.4619964891    -0.0697091112           0.600827
  493    2.5E-02   2.0E+01    2470   -6939.8712750892   359486.4829815982     0.0209851091           0.378300
  494    2.5E-02   2.0E+01    2480   -6939.8775349605   359486.4767217268    -0.0062598714           0.448774
  495    2.5E-02   2.0E+01    2490   -6940.1149787953   359486.2392778920    -0.2374438348           0.438889
  496    2.5E-02   2.0E+01    2500   -6939.7286876380   359486.6255690493     0.3862911573           1.986133
  497    2.5E-02   2.0E+01    2500   -6939.9978337106   359486.3564229768    -0.2691460726           0.461809
  498    2.5E-02   2.0E+01    2510   -6939.4654361665   359486.8888205208     0.5323975441           1.666457
  499    2.5E-02   2.0E+01    2510   -6940.0313397665   359486.3229169209    -0.5659035999           1.314413
  500    2.5E-02   2.0E+01    2520   -6939.7260975769   359486.6281591104     0.3052421896           0.365243
  501    2.5E-02   2.0E+01    2520   -6940.3787770971   359485.9754795902    -0.6526795202           1.431976
  502    2.6E-02   2.0E+01    2530   -6939.5586191663   359486.7956375210     0.8201579308           1.417011
  503    2.5E-02   2.0E+01    2530   -6940.1288940030   359486.2253626843    -0.5702748367           0.928607
  504    2.5E-02   2.0E+01    2540   -6940.0889455509   359486.2653111364     0.0399484521           0.400475
  505    2.5E-02   2.0E+01    2550   -6939.9802003451   359486.3740563422     0.1087452058           1.166349
  506    2.5E-02   2.0E+01    2550   -6939.8487217120   359486.5055349753     0.1314786331           1.005849
  507    2.7E-02   2.0E+01    2560   -6939.5637302463   359486.7905264411     0.2849914658           0.863069
  508    2.5E-02   2.0E+01    2560   -6939.7292509916   359486.6250056958    -0.1655207453           0.923116
  509    2.5E-02   2.0E+01    2560   -6939.7316179497   359486.6226387377    -0.0023669581           0.690230
  510    2.5E-02   2.0E+01    2560   -6939.6029258515   359486.7513308358     0.1286920982           0.646413
  511    2.7E-02   2.0E+01    2560   -6940.1000688946   359486.2541877928    -0.4971430431           1.209666
  512    2.5E-02   2.0E+01    2570   -6939.7938153137   359486.5604413736     0.3062535809           0.874557
  513    2.5E-02   2.0E+01    2570   -6939.8157821678   359486.5384745196    -0.0219668540           0.605967
  514    2.5E-02   2.1E+01    2580   -6940.3377558725   359486.0165008148    -0.5219737047           0.491887
  515    2.5E-02   2.2E+01    2590   -6939.7976929700   359486.5565637173     0.5400629025           0.436202
  516    2.7E-02   2.1E+01    2590   -6939.6479451305   359486.7063115568     0.1497478395           0.764601
  517    2.5E-02   2.1E+01    2590   -6939.5755356767   359486.7787210106     0.0724094538           0.397173
  518    2.6E-02   2.1E+01    2590   -6940.3478259059   359486.0064307814    -0.7722902292           0.980186
  519    2.5E-02   2.1E+01    2600   -6940.1698730248   359486.1843836625     0.1779528811           1.017097
  520    2.5E-02   2.1E+01    2610   -6939.1829374771   359487.1713192102     0.9869355477           0.563175
  521    2.5E-02   2.1E+01    2610   -6939.7916374565   359486.5626192308    -0.6086999794           0.827932
  522    2.5E-02   2.1E+01    2620   -6940.2061960770   359486.1480606103    -0.4145586205           1.070169
  523    2.5E-02   2.1E+01    2630   -6940.0291517661   359486.3251049212     0.1770443109           0.400191
  524    2.5E-02   2.1E+01    2640   -6940.4068782467   359485.9473784406    -0.3777264806           0.476857
  525    2.5E-02   2.1E+01    2650   -6940.0249418418   359486.3293148456     0.3819364050           0.486682
  526    2.5E-02   2.1E+01    2660   -6940.3172562856   359486.0370004017    -0.2923144439           0.560546
  527    2.7E-02   2.1E+01    2670   -6939.4054098762   359486.9488468111     0.9118464094           0.546557
  528    2.5E-02   2.1E+01    2670   -6940.0338861070   359486.3203705804    -0.6284762307           0.932323
  529    2.5E-02   2.1E+01    2680   -6939.9541369026   359486.4001197848     0.0797492044           0.374732
  530    2.7E-02   2.1E+01    2680   -6939.9598485014   359486.3944081860    -0.0057115988           0.513238
  531    2.5E-02   2.1E+01    2690   -6939.7988914580   359486.5553652293     0.1609570433           0.614936
  532    2.5E-02   2.1E+01    2690   -6940.0006004011   359486.3536562863    -0.2017089430           1.140990
  533    2.7E-02   2.1E+01    2700   -6939.2014974023   359487.1527592850     0.7991029987           2.288945
  534    2.5E-02   2.1E+01    2700   -6939.9568927025   359486.3973639848    -0.7553953002           0.561092
  535    2.5E-02   2.2E+01    2710   -6940.1539690196   359486.2002876677    -0.1970763171           0.511193
  536    2.5E-02   2.2E+01    2720   -6940.0064176320   359486.3478390554     0.1475513876           0.593359
  537    2.5E-02   2.2E+01    2730   -6940.1887771372   359486.1654795501    -0.1823595052           0.759871
  538    2.7E-02   2.2E+01    2740   -6939.7694031629   359486.5848535244     0.4193739743           0.308658
  539    2.5E-02   2.2E+01    2740   -6939.8910807959   359486.4631758914    -0.1216776330           0.685910
  540    2.5E-02   2.2E+01    2740   -6940.3269909790   359486.0272657083    -0.4359101832           1.155673
  541    2.5E-02   2.2E+01    2750   -6939.7775433209   359486.5767133665     0.5494476582           0.643320
  542    2.5E-02   2.2E+01    2760   -6939.9684416627   359486.3858150246    -0.1908983419           1.728132
  543    2.5E-02   2.2E+01    2760   -6940.0497413179   359486.3045153695    -0.0812996551           0.502147
  544    2.5E-02   2.2E+01    2770   -6940.2650958824   359486.0891608049    -0.2153545646           0.621324
  545    2.5E-02   2.2E+01    2780   -6939.7102011788   359486.6440555086     0.5548947036           0.512081
  546    2.5E-02   2.2E+01    2780   -6939.6281209924   359486.7261356950     0.0820801864           0.492081
  547    2.5E-02   2.2E+01    2780   -6939.7036771731   359486.6505795143    -0.0755561807           0.723371
  548    2.5E-02   2.2E+01    2780   -6939.7139329011   359486.6403237862    -0.0102557281           0.538857
  549    2.5E-02   2.2E+01    2780   -6939.5030836580   359486.8511730293     0.2108492432           1.600675
  550    2.5E-02   2.2E+01    2780   -6940.1241129260   359486.2301437613    -0.6210292680           0.536140
  551    2.6E-02   2.2E+01    2790   -6940.0934105567   359486.2608461307     0.0307023693           1.078196
  552    2.5E-02   2.2E+01    2800   -6940.0882651841   359486.2659915032     0.0051453725           0.319709
  553    2.5E-02   2.2E+01    2800   -6939.8214740159   359486.5327826714     0.2667911682           0.882748
  554    2.7E-02   2.2E+01    2810   -6939.9110969963   359486.4431596911    -0.0896229804           0.917723
  555    2.5E-02   2.2E+01    2810   -6939.7131660525   359486.6410906349     0.1979309438           0.941974
  556    2.5E-02   2.2E+01    2810   -6940.0448638400   359486.3093928474    -0.3316977875           0.848582
  557    2.5E-02   2.3E+01    2820   -6939.7720873966   359486.5821692908     0.2727764434           0.708998
  558    2.7E-02   2.3E+01    2830   -6940.7926814957   359485.5615751916    -1.0205940992           1.869625
  559    2.5E-02   2.2E+01    2840   -6939.8567021053   359486.4975545820     0.9359793904           0.567116
  560    2.5E-02   2.3E+01    2860   -6940.1275249106   359486.2267317767    -0.2708228053           0.894049
  561    2.5E-02   2.3E+01    2870   -6940.4432579197   359485.9109987676    -0.3157330091           1.631863
  562    2.7E-02   2.3E+01    2880   -6939.7454593376   359486.6087973498     0.6977985821           0.779328
  563    2.6E-02   2.3E+01    2890   -6939.9751884554   359486.3790682320    -0.2297291178           1.275313
  564    2.5E-02   2.3E+01    2900   -6939.7392717524   359486.6149849350     0.2359167030           0.963672
  565    2.8E-02   2.3E+01    2900   -6939.9409161500   359486.4133405373    -0.2016443976           0.356503
  566    2.5E-02   2.3E+01    2900   -6939.7316433482   359486.6226133392     0.2092728018           1.060367
  567    2.7E-02   2.3E+01    2910   -6940.0485725322   359486.3056841551    -0.3169291840           1.151380
  568    2.5E-02   2.3E+01    2920   -6939.8804985646   359486.4737581227     0.1680739676           0.313189
  569    2.5E-02   2.3E+01    2930   -6940.1381011324   359486.2161555549    -0.2576025678           0.400422
  570    2.5E-02   2.3E+01    2940   -6939.8487080059   359486.5055486814     0.2893931265           0.176666
  571    2.5E-02   2.3E+01    2940   -6939.9758703133   359486.3783863740    -0.1271623074           0.623449
  572    2.6E-02   2.4E+01    2950   -6939.8658703364   359486.4883863509     0.1099999769           0.436086
  573    2.5E-02   2.4E+01    2950   -6939.9640044007   359486.3902522867    -0.0981340642           0.606417
  574    2.5E-02   2.3E+01    2960   -6939.7342127314   359486.6200439559     0.2297916693           1.123693
  575    2.5E-02   2.4E+01    2960   -6939.6643008787   359486.6899558086     0.0699118527           1.124382
  576    2.5E-02   2.3E+01    2960   -6939.6161963289   359486.7380603584     0.0481045498           0.484445
  577    2.5E-02   2.3E+01    2960   -6939.6644268771   359486.6898298102    -0.0482305482           1.342585
  578    2.5E-02   2.3E+01    2960   -6940.6234200267   359485.7308366607    -0.9589931496           1.726839
  579    2.5E-02   2.4E+01    2970   -6939.5722934348   359486.7819632525     1.0511265918           0.168731
  580    2.5E-02   2.4E+01    2970   -6940.1809393554   359486.1733173319    -0.6086459206           0.444091
  581    2.5E-02   2.4E+01    2980   -6940.3503201611   359486.0039365262    -0.1693808057           0.414558
  582    2.5E-02   2.4E+01    2990   -6939.9483137258   359486.4059429615     0.4020064353           0.413510
  583    2.5E-02   2.4E+01    3000   -6940.0521917137   359486.3020649736    -0.1038779879           0.525445
  584    2.5E-02   2.4E+01    3010   -6940.0503006363   359486.3039560510     0.0018910774           0.986820
  585    2.5E-02   2.4E+01    3020   -6939.6263552154   359486.7279014720     0.4239454209           0.766085
  586    2.5E-02   2.4E+01    3020   -6940.4685446278   359485.8857120595    -0.8421894124           1.588378
  587    2.5E-02   2.4E+01    3030   -6940.3744080582   359485.9798486292     0.0941365697           1.059462
  588    2.5E-02   2.4E+01    3040   -6939.7051084600   359486.6491482274     0.6692995982           0.418337
  589    2.5E-02   2.4E+01    3040   -6940.2780158630   359486.0762408244    -0.5729074030           1.002438
  590    2.5E-02   2.4E+01    3050   -6940.2895229423   359486.0647337451    -0.0115070793           0.413831
  591    2.5E-02   2.4E+01    3060   -6939.9999302804   359486.3543264070     0.2895926619           0.624446
  592    2.5E-02   2.4E+01    3070   -6940.1131694265   359486.2410872609    -0.1132391461           0.818818
  593    2.6E-02   2.5E+01    3080   -6939.7436815232   359486.6105751641     0.3694879033           1.091862
  594    2.5E-02   2.4E+01    3080   -6940.2742715957   359486.0799850916    -0.5305900725           0.345197
  595    2.6E-02   2.5E+01    3090   -6939.7573030715   359486.5969536158     0.5169685243           1.103128
  596    2.7E-02   2.5E+01    3100   -6939.9723374553   359486.3819192321    -0.2150343838           0.570165
  597    2.5E-02   2.5E+01    3110   -6939.7384440949   359486.6158125925     0.2338933604           0.715581
  598    2.5E-02   2.5E+01    3110   -6939.9107268064   359486.4435298810    -0.1722827115           0.231901
  599    2.5E-02   2.5E+01    3120   -6940.0586263369   359486.2956303505    -0.1478995305           0.684707
  600    2.7E-02   2.5E+01    3130   -6939.8235029038   359486.5307537835     0.2351234330           0.395601
  601    2.5E-02   2.5E+01    3130   -6939.8182181096   359486.5360385778     0.0052847943           0.433038
  602    2.5E-02   2.5E+01    3130   -6940.1070626929   359486.2471939945    -0.2888445833           0.906854
  603    2.5E-02   2.5E+01    3130   -6940.5238671092   359485.8303895781    -0.4168044164           0.421037
  604    2.5E-02   2.5E+01    3140   -6940.0587927995   359486.2954638879     0.4650743098           0.628556
  605    2.5E-02   2.6E+01    3150   -6939.8165509391   359486.5377057483     0.2422418604           0.543198
  606    2.5E-02   2.5E+01    3160   -6939.6584875675   359486.6957691198     0.1580633716           0.537344
  607    2.5E-02   2.5E+01    3160   -6940.4862709563   359485.8679857311    -0.8277833887           0.418305
  608    2.7E-02   2.5E+01    3170   -6940.2358566599   359486.1184000274     0.2504142963           1.875778
  609    2.5E-02   2.5E+01    3180   -6940.1446115760   359486.2096451113     0.0912450839           1.226337
  610    2.7E-02   2.5E+01    3190   -6939.7153659669   359486.6388907205     0.4292456091           1.201204
  611    2.5E-02   2.5E+01    3190   -6939.9870730253   359486.3671836621    -0.2717070584           0.619934
  612    2.8E-02   2.5E+01    3200   -6939.4785664966   359486.8756901908     0.5085065287           0.524156
  613    2.5E-02   2.5E+01    3200   -6939.5152543550   359486.8390023323    -0.0366878585           1.298681
  614    2.5E-02   2.5E+01    3200   -6939.9349870238   359486.4192696635    -0.4197326688           0.170616
  615    2.5E-02   2.5E+01    3200   -6939.1492624938   359487.2049941935     0.7857245300           0.428638
  616    2.5E-02   2.5E+01    3200   -6939.7950136346   359486.5592430528    -0.6457511407           0.694606
  617    2.5E-02   2.5E+01    3200   -6940.0205737572   359486.3336829301    -0.2255601227           0.781634
  618    2.5E-02   2.5E+01    3210   -6940.2296178160   359486.1246388713    -0.2090440588           1.418706
  619    2.7E-02   2.6E+01    3220   -6939.5894370976   359486.7648195898     0.6401807185           1.520108
  620    2.5E-02   2.6E+01    3220   -6939.2032318662   359487.1510248212     0.3862052314           0.885264
  621    2.5E-02   2.6E+01    3220   -6940.3529232265   359486.0013334609    -1.1496913603           0.554124
  622    2.5E-02   2.6E+01    3230   -6940.1588348216   359486.1954218657     0.1940884048           0.419413
  623    2.5E-02   2.6E+01    3240   -6939.7833332807   359486.5709234067     0.3755015410           0.677609
  624    2.5E-02   2.6E+01    3250   -6939.3858850154   359486.9683716720     0.3974482653           1.174136
  625    2.7E-02   2.6E+01    3250   -6940.3031333694   359486.0511233180    -0.9172483540           0.235054
  626    2.5E-02   2.6E+01    3260   -6940.0973709634   359486.2568857239     0.2057624060           0.575404
  627    2.5E-02   2.6E+01    3270   -6940.1793336333   359486.1749230540    -0.0819626699           0.756811
  628    2.5E-02   2.6E+01    3280   -6939.5338307026   359486.8204259847     0.6455029307           0.966886
  629    2.5E-02   2.6E+01    3280   -6939.9640942894   359486.3901623979    -0.4302635868           0.233451
  630    2.5E-02   2.6E+01    3290   -6939.5828938883   359486.7713627990     0.3812004011           2.364780
  631    2.5E-02   2.6E+01    3290   -6939.7410437943   359486.6132128930    -0.1581499060           0.387328
  632    2.5E-02   2.6E+01    3290   -6940.3940399213   359485.9602167660    -0.6529961270           0.733906
  633    2.5E-02   2.6E+01    3300   -6939.6938075013   359486.6604491860     0.7002324200           1.135991
  634    2.5E-02   2.6E+01    3300   -6940.3431867437   359486.0110699437    -0.6493792423           1.682756
  635    2.5E-02   2.6E+01    3310   -6939.9835266994   359486.3707299879     0.3596600443           0.607877
  636    2.5E-02   2.6E+01    3310   -6940.3607698771   359485.9934868102    -0.3772431777           0.705207
  637    2.5E-02   2.6E+01    3320   -6939.3541019567   359487.0001547307     1.0066679204           1.055467
  638    2.5E-02   2.6E+01    3320   -6939.5267225076   359486.8275341797    -0.1726205510           0.788743
  639    2.5E-02   2.6E+01    3320   -6939.7128249079   359486.6414317794    -0.1861024003           0.687707
  640    2.5E-02   2.7E+01    3320   -6939.2162098886   359487.1380467988     0.4966150193           1.172517
  641    2.5E-02   2.6E+01    3320   -6939.8412314059   359486.5130252814    -0.6250215173           0.905645
  642    2.5E-02   2.6E+01    3320   -6939.7635035442   359486.5907531431     0.0777278617           0.448105
  643    2.5E-02   2.6E+01    3320   -6939.8014277244   359486.5528289630    -0.0379241802           0.224234
  644    2.5E-02   2.6E+01    3320   -6939.4502715676   359486.9039851197     0.3511561567           0.897074
  645    2.5E-02   2.6E+01    3320   -6939.6642262350   359486.6900304523    -0.2139546674           0.963927
  646    2.5E-02   2.6E+01    3320   -6940.4830801585   359485.8711765289    -0.8188539234           0.504201
  647    2.5E-02   2.6E+01    3330   -6940.4679912835   359485.8862654038     0.0150888749           0.713147
  648    2.5E-02   2.7E+01    3340   -6940.2532440006   359486.1010126867     0.2147472829           0.771956
  649    2.5E-02   2.7E+01    3350   -6939.8746501902   359486.4796064972     0.3785938104           0.735884
  650    2.7E-02   2.7E+01    3360   -6939.6443724687   359486.7098842187     0.2302777215           0.726914
  651    2.5E-02   2.7E+01    3360   -6940.2303996954   359486.1238569919    -0.5860272268           0.507430
  652    2.5E-02   2.7E+01    3370   -6939.9326770840   359486.4215796033     0.2977226114           0.217815
  653    2.5E-02   2.7E+01    3380   -6939.7058209342   359486.6484357532     0.2268561498           0.336468
  654    2.5E-02   2.7E+01    3380   -6939.6662290765   359486.6880276108     0.0395918576           0.786312
  655    2.5E-02   2.7E+01    3380   -6940.2871617686   359486.0670949187    -0.6209326921           1.256352
  656    2.5E-02   2.7E+01    3390   -6939.1730148982   359487.1812417891     1.1141468705           1.610157
  657    2.5E-02   2.7E+01    3390   -6939.5767688620   359486.7774878254    -0.4037539638           0.832343
  658    2.5E-02   2.7E+01    3390   -6939.8177283251   359486.5365283623    -0.2409594631           0.267253
  659    2.5E-02   2.7E+01    3400   -6939.4772409656   359486.8770157217     0.3404873595           0.447803
  660    2.6E-02   2.7E+01    3400   -6940.2147810368   359486.1394756505    -0.7375400712           0.390325
  661    2.5E-02   2.7E+01    3410   -6940.1339399906   359486.2203166968     0.0808410462           0.447299
  662    2.5E-02   2.7E+01    3420   -6939.6432479707   359486.7110087167     0.4906920199           1.211580
  663    2.5E-02   2.7E+01    3420   -6940.0506774523   359486.3035792350    -0.4074294817           0.717949
  664    2.5E-02   2.7E+01    3430   -6939.6696421017   359486.6846145856     0.3810353506           0.478441
  665    2.5E-02   2.7E+01    3430   -6940.1156212394   359486.2386354479    -0.4459791377           0.204818
  666    2.5E-02   2.7E+01    3440   -6939.9454453363   359486.4088113511     0.1701759032           0.571398
  667    2.5E-02   2.7E+01    3450   -6939.9100804623   359486.4441762250     0.0353648740           0.843819
  668    2.5E-02   2.8E+01    3460   -6939.7994602077   359486.5547964796     0.1106202546           0.613120
  669    2.5E-02   2.8E+01    3460   -6939.8560288473   359486.4982278401    -0.0565686396           1.084982
  670    2.5E-02   2.8E+01    3470   -6940.1665734334   359486.1876832539    -0.3105445862           0.917365
  671    2.6E-02   2.8E+01    3480   -6939.9379282908   359486.4163283965     0.2286451426           1.140928
  672    2.5E-02   2.8E+01    3480   -6940.1422375224   359486.2120191649    -0.2043092316           0.216065
  673    2.5E-02   2.8E+01    3480   -6939.9656430335   359486.3886136539     0.1765944890           1.130939
  674    2.5E-02   2.8E+01    3490   -6939.3349967572   359487.0192599302     0.6306462763           0.439620
  675    2.5E-02   2.8E+01    3490   -6940.1221226796   359486.2321340077    -0.7871259224           0.429798
  676    2.5E-02   2.8E+01    3500   -6939.7110714372   359486.6431852502     0.4110512424           0.243418
  677    2.5E-02   2.8E+01    3510   -6940.2759183900   359486.0783382974    -0.5648469528           1.081305
  678    2.6E-02   2.8E+01    3520   -6939.9197834185   359486.4344732689     0.3561349715           1.014693
  679    2.5E-02   2.8E+01    3530   -6939.4774826590   359486.8767740284     0.4423007595           1.029246
  680    2.5E-02   2.8E+01    3530   -6939.3785536256   359486.9757030617     0.0989290334           0.173983
  681    2.5E-02   2.8E+01    3530   -6939.7484825430   359486.6057741443    -0.3699289174           0.598454
  682    2.5E-02   2.9E+01    3540   -6940.4026169008   359485.9516397865    -0.6541343578           0.827396
  683    2.5E-02   2.8E+01    3550   -6940.2225743001   359486.1316823873     0.1800426007           1.240746
  684    2.5E-02   2.8E+01    3560   -6939.5228032879   359486.8314533995     0.6997710122           0.486211
  685    2.5E-02   2.8E+01    3560   -6940.0750850938   359486.2791715936    -0.5522818059           0.619472
  686    2.5E-02   2.8E+01    3570   -6939.8706457145   359486.4836109729     0.2044393793           0.320133
  687    2.5E-02   2.8E+01    3580   -6939.4579596287   359486.8962970586     0.4126860857           0.730214
  688    2.5E-02   2.9E+01    3580   -6939.6199126094   359486.7343440780    -0.1619529806           0.942904
  689    2.5E-02   2.8E+01    3580   -6939.4870944443   359486.8671622430     0.1328181651           1.048788
  690    2.5E-02   2.8E+01    3580   -6940.0805505225   359486.2737061649    -0.5934560782           0.530629
  691    2.5E-02   2.8E+01    3590   -6939.5514434640   359486.8028132233     0.5291070585           0.528200
  692    2.5E-02   2.9E+01    3590   -6939.8480787434   359486.5061779440    -0.2966352794           1.581418
  693    2.5E-02   2.9E+01    3600   -6939.7357481870   359486.6185085003     0.1123305564           0.642168
  694    2.5E-02   2.9E+01    3600   -6939.5848849023   359486.7693717850     0.1508632847           0.401318
  695    2.6E-02   2.9E+01    3600   -6940.2115588690   359486.1426978183    -0.6266739667           0.469950
  696    2.7E-02   2.9E+01    3610   -6940.3890592920   359485.9651973954    -0.1775004230           0.476320
  697    2.6E-02   2.9E+01    3620   -6940.1791983935   359486.1750582939     0.2098608985           1.712848
  698    2.5E-02   2.9E+01    3630   -6939.7972171884   359486.5570394989     0.3819812051           0.963072
  699    2.5E-02   2.9E+01    3640   -6939.4044116044   359486.9498450830     0.3928055840           0.290454
  700    2.7E-02   2.9E+01    3640   -6939.6531012606   359486.7011554268    -0.2486896562           0.287643
  701    2.5E-02   2.9E+01    3640   -6939.8161846611   359486.5380720263    -0.1630834005           0.519696
  702    2.5E-02   2.9E+01    3640   -6939.8115538027   359486.5427028846     0.0046308584           1.028917
  703    2.5E-02   2.9E+01    3640   -6940.1026007623   359486.2516559251    -0.2910469596           0.266107
  704    2.5E-02   2.9E+01    3650   -6939.9750601787   359486.3791965087     0.1275405836           1.173106
  705    2.5E-02   2.9E+01    3660   -6939.9469985162   359486.4072581712     0.0280616625           0.189067
  706    2.5E-02   2.9E+01    3670   -6940.2038530096   359486.1504036778    -0.2568544934           0.301366
  707    2.7E-02   2.9E+01    3680   -6940.0290028777   359486.3252538096     0.1748501318           1.121326
  708    2.5E-02   2.9E+01    3690   -6940.0368855839   359486.3173711034    -0.0078827061           0.389430
  709    2.5E-02   2.9E+01    3700   -6939.4156856060   359486.9385710813     0.6211999779           1.224067
  710    2.7E-02   3.0E+01    3700   -6939.6513574643   359486.7028992231    -0.2356718583           0.801426
  711    2.5E-02   2.9E+01    3700   -6939.9274224469   359486.4268342404    -0.2760649827           0.978369
  712    2.5E-02   3.0E+01    3710   -6939.6122243585   359486.7420323289     0.3151980885           0.417634
  713    2.5E-02   2.9E+01    3710   -6939.8461815481   359486.5080751392    -0.2339571896           0.782647
  714    2.5E-02   2.9E+01    3710   -6940.5391509908   359485.8151056966    -0.6929694426           1.341837
  715    2.6E-02   3.0E+01    3720   -6939.9468584769   359486.4073982104     0.5922925138           0.724996
  716    2.5E-02   3.0E+01    3730   -6939.9102373756   359486.4440193117     0.0366211014           0.698676
  717    2.5E-02   3.0E+01    3730   -6940.0006025174   359486.3536541699    -0.0903651418           0.171943
  718    2.5E-02   3.0E+01    3730   -6940.0825341853   359486.2717225020    -0.0819316680           0.352701
  719    2.7E-02   3.0E+01    3740   -6939.4742714526   359486.8799852347     0.6082627327           1.925044
  720    2.5E-02   3.0E+01    3740   -6939.8199024326   359486.5343542547    -0.3456309800           0.713114
  721    2.7E-02   3.0E+01    3750   -6940.1627362510   359486.1915204364    -0.3428338184           0.481475
  722    2.5E-02   3.0E+01    3760   -6939.9098225618   359486.4444341256     0.2529136892           0.309397
  723    2.5E-02   3.0E+01    3770   -6939.7147049686   359486.6395517187     0.1951175931           0.962014
  724    2.5E-02   3.0E+01    3770   -6940.0383417861   359486.3159149012    -0.3236368175           0.174769
  725    2.6E-02   3.0E+01    3780   -6939.9759904185   359486.3782662688     0.0623513676           0.564246
  726    2.7E-02   3.0E+01    3780   -6939.9614615773   359486.3927951100     0.0145288412           0.444351
  727    2.5E-02   3.0E+01    3780   -6939.6847049009   359486.6695517864     0.2767566764           1.046195
  728    2.5E-02   3.0E+01    3780   -6939.8460604058   359486.5081962815    -0.1613555049           1.090992
  729    2.5E-02   3.0E+01    3790   -6939.4931925442   359486.8610641432     0.3528678617           0.283487
  730    2.7E-02   3.0E+01    3790   -6940.3558157241   359485.9984409632    -0.8626231799           1.325654
  731    2.5E-02   3.0E+01    3800   -6939.9990359210   359486.3552207663     0.3567798031           0.680087
  732    2.5E-02   3.0E+01    3810   -6939.7205058730   359486.6337508143     0.2785300480           0.670024
  733    2.5E-02   3.0E+01    3810   -6939.8076123324   359486.5466443549    -0.0871064594           0.466126
  734    2.5E-02   3.0E+01    3810   -6939.7296070879   359486.6246495995     0.0780052445           0.413136
  735    2.5E-02   3.0E+01    3810   -6939.4885437317   359486.8657129557     0.2410633562           0.629600
  736    2.5E-02   3.0E+01    3810   -6939.7942865582   359486.5599701292    -0.3057428265           0.452115
  737    2.5E-02   3.0E+01    3820   -6940.1291724213   359486.2250842661    -0.3348858631           0.251263
  738    2.5E-02   3.0E+01    3830   -6940.1184714838   359486.2357852035     0.0107009375           0.860815
  739    2.5E-02   3.0E+01    3840   -6939.6685141731   359486.6857425143     0.4499573107           1.017842
  740    2.5E-02   3.1E+01    3840   -6940.0491432554   359486.3051134319    -0.3806290823           0.667574
  741    2.5E-02   3.1E+01    3850   -6940.1608990025   359486.1933576848    -0.1117557471           0.473125
  742    2.5E-02   3.1E+01    3860   -6939.7135536014   359486.6407030859     0.4473454011           0.698452
  743    2.5E-02   3.1E+01    3860   -6939.9829015750   359486.3713551124    -0.2693479736           0.156255
  744    2.5E-02   3.1E+01    3870   -6939.7932498258   359486.5610068615     0.1896517491           0.426709
  745    2.5E-02   3.1E+01    3870   -6939.8379208844   359486.5163358029    -0.0446710586           0.128377
  746    2.7E-02   3.1E+01    3870   -6939.6624401711   359486.6918165162     0.1754807133           0.686769
  747    2.5E-02   3.1E+01    3870   -6939.9878278729   359486.3664288144    -0.3253877018           0.484699
  748    2.5E-02   3.1E+01    3870   -6939.5090130355   359486.8452436518     0.4788148374           1.777699
  749    2.5E-02   3.1E+01    3870   -6939.8955168032   359486.4587398841    -0.3865037677           0.819860
  750    2.5E-02   3.1E+01    3880   -6940.0256870218   359486.3285696656    -0.1301702185           0.270377
  751    2.5E-02   3.2E+01    3890   -6940.3851874095   359485.9690692778    -0.3595003878           1.013571
  752    2.5E-02   3.1E+01    3900   -6939.9150220422   359486.4392346451     0.4701653673           0.761780
  753    2.5E-02   3.1E+01    3910   -6939.5914006077   359486.7628560796     0.3236214345           0.723285
  754    2.5E-02   3.2E+01    3910   -6939.9113736302   359486.4428830571    -0.3199730225           0.323688
  755    2.7E-02   3.1E+01    3910   -6939.6466221521   359486.7076345352     0.2647514781           0.973899
  756    2.5E-02   3.1E+01    3910   -6939.9412939108   359486.4129627765    -0.2946717587           0.312473
  757    2.5E-02   3.1E+01    3920   -6939.6417252365   359486.7125314508     0.2995686743           0.373626
  758    2.5E-02   3.1E+01    3920   -6939.6179392219   359486.7363174655     0.0237860146           0.225261
  759    2.5E-02   3.1E+01    3920   -6939.6496900359   359486.7045666514    -0.0317508140           0.270566
  760    2.7E-02   3.1E+01    3920   -6940.1368077685   359486.2174489188    -0.4871177326           1.469877
  761    2.5E-02   3.1E+01    3930   -6940.0305059563   359486.3237507311     0.1063018123           0.649505
  762    2.5E-02   3.1E+01    3930   -6939.8987356188   359486.4555210685     0.1317703375           0.544127
  763    2.5E-02   3.1E+01    3930   -6939.5433933204   359486.8108633669     0.3553422984           0.889494
  764    2.5E-02   3.1E+01    3930   -6939.7737185139   359486.5805381734    -0.2303251935           0.145256
  765    2.5E-02   3.1E+01    3930   -6939.7124503030   359486.6418063843     0.0612682109           0.173610
  766    2.5E-02   3.1E+01    3930   -6940.1014564889   359486.2528001984    -0.3890061859           0.864042
  767    2.5E-02   3.1E+01    3940   -6939.8341123789   359486.5201443085     0.2673441100           0.149512
  768    2.5E-02   3.2E+01    3940   -6939.4965030521   359486.8577536352     0.3376093268           1.216480
  769    2.7E-02   3.1E+01    3940   -6939.8286912266   359486.5255654607    -0.3321881745           0.286684
  770    2.5E-02   3.1E+01    3950   -6939.8042555708   359486.5500011165     0.0244356558           0.226955
  771    2.5E-02   3.1E+01    3950   -6939.8824126626   359486.4718440247    -0.0781570918           0.590626
  772    2.5E-02   3.2E+01    3960   -6939.7967502638   359486.5575064236     0.0856623988           0.818166
  773    2.4E-02   3.2E+01    3960   -6939.6632755777   359486.6909811097     0.1334746861           1.282597
  774    2.5E-02   3.2E+01    3960   -6939.7934897204   359486.5607669670    -0.1302141427           0.197089
  775    2.5E-02   3.2E+01    3970   -6939.7236819703   359486.6305747170     0.0698077501           0.323587
  776    2.5E-02   3.2E+01    3970   -6939.8643492879   359486.4899073995    -0.1406673176           0.396592
  777    2.5E-02   3.1E+01    3970   -6939.7640171329   359486.5902395544     0.1003321549           0.724685
  778    2.7E-02   3.1E+01    3970   -6939.6241973631   359486.7300593242     0.1398197699           0.645975
  779    2.5E-02   3.2E+01    3970   -6940.2253822104   359486.1288744769    -0.6011848473           0.650058
  780    2.5E-02   3.2E+01    3980   -6940.0007121469   359486.3535445404     0.2246700635           0.926470
  781    2.6E-02   3.2E+01    3990   -6939.9396811245   359486.4145755628     0.0610310224           0.371637
  782    2.5E-02   3.2E+01    3990   -6939.8381196348   359486.5161370525     0.1015614897           0.778918
  783    2.5E-02   3.2E+01    3990   -6939.9483810373   359486.4058756501    -0.1102614025           0.621977
  784    2.5E-02   3.2E+01    3990   -6939.9843530173   359486.3699036701    -0.0359719800           0.352707
  785    2.5E-02   3.2E+01    3990   -6939.4990819513   359486.8551747360     0.4852710660           0.257864
  786    2.5E-02   3.2E+01    3990   -6940.0147881909   359486.3394684964    -0.5157062396           1.024641
  787    2.6E-02   3.2E+01    4000   -6939.5835345091   359486.7707221783     0.4312536819           0.783308
  788    2.6E-02   3.2E+01    4000   -6939.8211937672   359486.5330629201    -0.2376592582           0.969617
  789    2.6E-02   3.2E+01    4010   -6939.4357250980   359486.9185315893     0.3854686692           0.956964
  790    2.5E-02   3.2E+01    4010   -6940.1534614581   359486.2007952292    -0.7177363601           1.057609
  791    2.6E-02   3.2E+01    4010   -6940.2559077961   359486.0983488912    -0.1024463380           0.602878
  792    2.5E-02   3.2E+01    4020   -6939.9089695349   359486.4452871524     0.3469382612           0.306402
  793    2.5E-02   3.2E+01    4030   -6940.0116503264   359486.3426063610    -0.1026807915           0.437606
  794    2.5E-02   3.2E+01    4040   -6939.8772028294   359486.4770538579     0.1344474969           1.235186
  795    2.7E-02   3.2E+01    4050   -6940.1223876588   359486.2318690285    -0.2451848294           0.189111
  796    2.5E-02   3.2E+01    4060   -6939.6164954941   359486.7377611932     0.5058921647           0.998110
  797    2.5E-02   3.2E+01    4060   -6939.5732659105   359486.7809907769     0.0432295837           0.757839
  798    2.5E-02   3.2E+01    4060   -6940.0149261260   359486.3393305613    -0.4416602155           0.619594
  799    2.5E-02   3.3E+01    4070   -6939.6309725999   359486.7232840875     0.3839535261           0.323194
  800    2.5E-02   3.3E+01    4070   -6939.6943337538   359486.6599229336    -0.0633611540           0.663065
  801    2.5E-02   3.2E+01    4070   -6939.8267773077   359486.5274793796    -0.1324435539           0.253346
  802    2.5E-02   3.2E+01    4070   -6939.9852218117   359486.3690348756    -0.1584445040           0.228302
  803    2.5E-02   3.2E+01    4080   -6940.2297879969   359486.1244686904    -0.2445661852           0.933879
  804    2.5E-02   3.3E+01    4090   -6939.6842542588   359486.6700024285     0.5455337381           0.629487
  805    2.6E-02   3.3E+01    4090   -6939.5297910251   359486.8244656622     0.1544632337           1.599023
  806    2.5E-02   3.3E+01    4090   -6940.2750234786   359486.0792332087    -0.7452324535           0.573381
  807    2.5E-02   3.3E+01    4100   -6939.9937543198   359486.3605023675     0.2812691588           0.998249
  808    2.5E-02   3.3E+01    4110   -6939.6192641301   359486.7349925572     0.3744901896           0.599231
  809    2.5E-02   3.3E+01    4110   -6940.2495956871   359486.1046610002    -0.6303315570           0.516619
  810    2.5E-02   3.3E+01    4120   -6939.9413203554   359486.4129363319     0.3082753318           1.555845
  811    2.5E-02   3.3E+01    4130   -6939.8821509512   359486.4721057361     0.0591694041           0.684085
  812    2.5E-02   3.3E+01    4140   -6939.8621245990   359486.4921320883     0.0200263523           0.959943
  813    2.5E-02   3.3E+01    4140   -6939.9980878151   359486.3561688723    -0.1359632161           0.851526
  814    2.5E-02   3.3E+01    4150   -6939.8688101488   359486.4854465385     0.1292776662           1.128236
  815    2.5E-02   3.4E+01    4160   -6939.3748714160   359486.9793852713     0.4939387328           0.629788
  816    2.5E-02   3.3E+01    4160   -6939.8138773021   359486.5403793852    -0.4390058861           0.290821
  817    2.5E-02   3.3E+01    4160   -6940.3462065272   359486.0080501601    -0.5323292251           0.618124
  818    2.5E-02   3.3E+01    4170   -6939.2821100302   359487.0721466572     1.0640964970           0.597177
  819    2.5E-02   3.3E+01    4170   -6940.1086657251   359486.2455909622    -0.8265556949           1.235091
  820    2.6E-02   3.3E+01    4180   -6940.1696374374   359486.1846192499    -0.0609717124           0.450280
  821    2.5E-02   3.3E+01    4190   -6939.4605439225   359486.8937127648     0.7090935149           0.767941
  822    2.7E-02   3.4E+01    4190   -6939.8299981698   359486.5242585175    -0.3694542473           0.527261
  823    2.5E-02   3.4E+01    4200   -6939.7831442103   359486.5711124770     0.0468539596           0.449243
  824    2.5E-02   3.4E+01    4210   -6939.6196387906   359486.7346178967     0.1635054197           0.914915
  825    2.5E-02   3.4E+01    4210   -6939.9166436029   359486.4376130844    -0.2970048123           0.235149
  826    2.7E-02   3.3E+01    4210   -6939.6134032036   359486.7408534837     0.3032403993           0.182893
  827    2.5E-02   3.3E+01    4210   -6940.0570217679   359486.2972349194    -0.4436185643           0.193211
  828    2.5E-02   3.4E+01    4220   -6940.1203898170   359486.2338668703    -0.0633680491           0.952005
  829    2.5E-02   3.4E+01    4230   -6939.8632950728   359486.4909616146     0.2570947442           0.351758
  830    2.5E-02   3.4E+01    4240   -6939.9680698997   359486.3861867877    -0.1047748269           0.848150
  831    2.5E-02   3.4E+01    4250   -6940.0071175202   359486.3471391671    -0.0390476206           1.481319
  832    2.5E-02   3.4E+01    4260   -6940.1130195740   359486.2412371134    -0.1059020537           0.431222
  833    2.5E-02   3.5E+01    4270   -6940.0668407423   359486.2874159451     0.0461788317           0.620234
  834    2.5E-02   3.5E+01    4280   -6939.5685251685   359486.7857315189     0.4983155738           0.166621
  835    2.7E-02   3.4E+01    4280   -6940.3824931162   359485.9717635711    -0.8139679477           1.198364
  836    2.8E-02   3.4E+01    4290   -6939.9515044186   359486.4027522688     0.4309886976           0.501147
  837    2.6E-02   3.4E+01    4300   -6939.9919968330   359486.3622598543    -0.0404924145           0.253020
  838    2.6E-02   3.5E+01    4310   -6939.7409309013   359486.6133257860     0.2510659317           1.176770
  839    2.7E-02   3.5E+01    4310   -6939.9676811723   359486.3865755150    -0.2267502710           0.608077
  840    2.6E-02   3.4E+01    4320   -6940.3242810441   359486.0299756432    -0.3565998718           0.310123
  841    2.5E-02   3.4E+01    4330   -6939.4393111512   359486.9149455362     0.8849698929           0.442371
  842    2.7E-02   3.4E+01    4330   -6939.0080021330   359487.3462545543     0.4313090181           0.678634
  843    2.5E-02   3.4E+01    4330   -6940.3179172190   359486.0363394683    -1.3099150860           0.346634
  844    2.5E-02   3.4E+01    4340   -6940.1441537078   359486.2101029796     0.1737635113           0.396984
  845    2.7E-02   3.5E+01    4350   -6939.7631047822   359486.5911519051     0.3810489256           0.248031
  846    2.5E-02   3.5E+01    4350   -6940.3622654775   359485.9919912098    -0.5991606953           0.776113
  847    2.5E-02   3.5E+01    4360   -6939.6806446313   359486.6736120561     0.6816208463           0.250826
  848    2.5E-02   3.5E+01    4360   -6939.7022810639   359486.6519756234    -0.0216364326           0.929283
  849    2.7E-02   3.5E+01    4370   -6940.3961105745   359485.9581461128    -0.6938295107           0.382567
  850    2.5E-02   3.5E+01    4380   -6939.5352707924   359486.8189858949     0.8608397821           0.901794
  851    2.5E-02   3.5E+01    4380   -6939.6626621051   359486.6915945822    -0.1273913127           0.419773
  852    2.5E-02   3.5E+01    4380   -6939.7143697237   359486.6398869636    -0.0517076186           0.508651
  853    2.5E-02   3.5E+01    4380   -6939.9831912643   359486.3710654231    -0.2688215406           0.621195
  854    2.5E-02   3.5E+01    4390   -6939.5776776168   359486.7765790705     0.4055136475           0.662341
  855    2.5E-02   3.5E+01    4390   -6939.2471340298   359487.1071226575     0.3305435870           1.485857
  856    2.5E-02   3.5E+01    4390   -6940.0682878520   359486.2859688353    -0.8211538222           1.120201
  857    2.5E-02   3.5E+01    4400   -6939.6886063338   359486.6656503536     0.3796815183           0.253550
  858    2.5E-02   3.5E+01    4400   -6939.3632932815   359486.9909634059     0.3253130523           0.995889
  859    2.5E-02   3.5E+01    4400   -6940.0771800329   359486.2770766545    -0.7138867514           0.729070
  860    2.5E-02   3.5E+01    4410   -6940.3251516239   359486.0291050634    -0.2479715911           0.682172
  861    2.6E-02   3.5E+01    4420   -6939.9137173123   359486.4405393751     0.4114343116           0.356230
  862    2.5E-02   3.5E+01    4420   -6940.1240995363   359486.2301571511    -0.2103822240           0.719101
  863    2.5E-02   3.5E+01    4430   -6939.8267432208   359486.5275134665     0.2973563155           0.386563
  864    2.5E-02   3.6E+01    4440   -6939.8873560184   359486.4669006689    -0.0606127976           0.182052
  865    2.5E-02   3.6E+01    4450   -6939.5813683736   359486.7728883137     0.3059876448           0.831645
  866    2.5E-02   3.6E+01    4450   -6939.6587489261   359486.6955077612    -0.0773805525           1.208746
  867    2.5E-02   3.5E+01    4450   -6940.3281924134   359486.0260642739    -0.6694434873           1.013486
  868    2.5E-02   3.6E+01    4460   -6939.9846810212   359486.3695756661     0.3435113922           1.001781
  869    2.5E-02   3.6E+01    4470   -6940.1179928587   359486.2362638286    -0.1333118375           0.712521
  870    2.5E-02   3.6E+01    4480   -6939.8670316191   359486.4872250683     0.2509612396           0.692518
  871    2.5E-02   3.6E+01    4490   -6939.9750425006   359486.3792141867    -0.1080108816           0.995755
  872    2.6E-02   3.6E+01    4500   -6940.2562966220   359486.0979600654    -0.2812541214           0.531712
  873    2.5E-02   3.6E+01    4510   -6939.8227027669   359486.5315539204     0.4335938550           0.239347
  874    2.5E-02   3.7E+01    4520   -6939.7543672269   359486.5998894604     0.0683355400           0.295746
  875    2.5E-02   3.6E+01    4530   -6939.8280390896   359486.5262175977    -0.0736718627           0.752835
  876    2.7E-02   3.6E+01    4540   -6939.7022466964   359486.6520099909     0.1257923932           0.732816
  877    2.5E-02   3.6E+01    4540   -6939.8618075684   359486.4924491189    -0.1595608720           0.280019
  878    2.5E-02   3.6E+01    4550   -6939.4102252690   359486.9440314184     0.4515822995           0.319613
  879    2.5E-02   3.6E+01    4550   -6940.1557040355   359486.1985526519    -0.7454787665           0.385965
  880    2.5E-02   3.7E+01    4560   -6939.7334550705   359486.6208016169     0.4222489650           0.227041
  881    2.7E-02   3.6E+01    4560   -6939.6568500535   359486.6974066338     0.0766050169           0.341292
  882    2.5E-02   3.6E+01    4560   -6939.8108992723   359486.5433574151    -0.1540492187           0.482586
  883    2.5E-02   3.7E+01    4560   -6939.6023923921   359486.7518642952     0.2085068801           0.629831
  884    2.5E-02   3.7E+01    4560   -6939.8969945388   359486.4572621486    -0.2946021467           1.686118
  885    2.5E-02   3.7E+01    4560   -6939.7733031902   359486.5809534971     0.1236913486           0.205764
  886    2.5E-02   3.7E+01    4560   -6939.9478515428   359486.4064051445    -0.1745483526           0.329499
  887    2.6E-02   3.7E+01    4570   -6940.0690447347   359486.2852119526    -0.1211931919           0.371919
  888    2.6E-02   3.7E+01    4580   -6939.6660391159   359486.6882175714     0.4030056188           0.713685
  889    2.5E-02   3.7E+01    4580   -6939.7279864382   359486.6262702491    -0.0619473223           0.865317
  890    2.5E-02   3.7E+01    4580   -6939.7162498751   359486.6380068123     0.0117365631           0.175701
  891    2.5E-02   3.7E+01    4580   -6939.3241012889   359487.0301553984     0.3921485862           0.859122
  892    2.5E-02   3.7E+01    4580   -6940.0470611246   359486.3071955627    -0.7229598357           0.773979
  893    2.5E-02   3.7E+01    4590   -6939.8082707818   359486.5459859055     0.2387903428           0.326903
  894    2.5E-02   3.7E+01    4590   -6939.3744271539   359486.9798295335     0.4338436280           0.495677
  895    2.5E-02   3.6E+01    4590   -6940.0207199229   359486.3335367644    -0.6462927690           1.457776
  896    2.7E-02   3.7E+01    4600   -6940.0039155633   359486.3503411240     0.0168043596           0.276551
  897    2.5E-02   3.7E+01    4610   -6939.9020740595   359486.4521826278     0.1018415038           0.384957
  898    2.7E-02   3.7E+01    4620   -6939.9248774410   359486.4293792463    -0.0228033815           0.363603
  899    2.5E-02   3.7E+01    4630   -6939.9345693675   359486.4196873198    -0.0096919265           0.768861
  900    2.5E-02   3.7E+01    4640   -6939.8130550430   359486.5412016443     0.1215143245           0.956704
  901    2.5E-02   3.7E+01    4640   -6939.9259204286   359486.4283362587    -0.1128653856           0.346492
  902    2.5E-02   3.7E+01    4650   -6940.0090733464   359486.3451833409    -0.0831529178           0.992969
  903    2.5E-02   3.7E+01    4650   -6940.0359133559   359486.3183433314    -0.0268400095           0.375089
  904    2.5E-02   3.7E+01    4660   -6939.4454169328   359486.9088397546     0.5904964232           0.575213
  905    2.7E-02   3.7E+01    4660   -6940.0569043082   359486.2973523791    -0.6114873755           0.751373
  906    2.5E-02   3.7E+01    4670   -6940.1016128387   359486.2526438487    -0.0447085305           0.220263
  907    2.6E-02   3.7E+01    4680   -6939.8866281126   359486.4676285747     0.2149847261           0.505375
  908    2.5E-02   3.7E+01    4690   -6940.3281330118   359486.0261236755    -0.4415048992           0.358959
  909    2.5E-02   3.7E+01    4700   -6939.4540208399   359486.9002358475     0.8741121720           0.695031
  910    2.5E-02   3.7E+01    4700   -6939.4175406401   359486.9367160472     0.0364801997           1.220650
  911    2.5E-02   3.7E+01    4700   -6939.9921099543   359486.3621467330    -0.5745693142           0.123455
  912    2.5E-02   3.7E+01    4700   -6939.7223869539   359486.6318697334     0.2697230004           0.610096
  913    2.5E-02   3.7E+01    4700   -6940.0404412416   359486.3138154458    -0.3180542877           1.037925
  914    2.5E-02   3.7E+01    4710   -6939.7123209618   359486.6419357256     0.3281202798           0.730990
  915    2.5E-02   3.7E+01    4710   -6940.0764122194   359486.2778444680    -0.3640912576           0.581861
  916    2.6E-02   3.7E+01    4720   -6940.1208396259   359486.2334170614    -0.0444274065           0.434936
  917    2.5E-02   3.8E+01    4730   -6940.1253906101   359486.2288660772    -0.0045509843           0.728921
  918    2.5E-02   3.8E+01    4740   -6939.7529540534   359486.6013026339     0.3724365568           0.467393
  919    2.5E-02   3.8E+01    4740   -6939.9007714702   359486.4534852171    -0.1478174169           1.336736
  920    2.5E-02   3.8E+01    4740   -6939.4652341969   359486.8890224905     0.4355372734           0.171871
  921    2.5E-02   3.8E+01    4740   -6939.6054850758   359486.7487716116    -0.1402508789           0.487392
  922    2.5E-02   3.8E+01    4740   -6939.3652001581   359486.9890565292     0.2402849177           0.634032
  923    2.5E-02   3.8E+01    4740   -6939.7667620032   359486.5874946842    -0.4015618451           0.107909
  924    2.5E-02   3.8E+01    4740   -6940.0693170134   359486.2849396740    -0.3025550102           0.642806
  925    2.6E-02   3.9E+01    4750   -6939.9302389173   359486.4240177700     0.1390780961           0.617226
  926    2.7E-02   4.0E+01    4760   -6940.5221191732   359485.8321375141    -0.5918802559           0.366956
  927    2.6E-02   4.0E+01    4770   -6939.9376436706   359486.4166130167     0.5844755026           0.431865
  928    2.7E-02   4.1E+01    4780   -6940.1097135993   359486.2445430880    -0.1720699287           0.892534
  929    2.7E-02   4.1E+01    4790   -6939.8248345108   359486.5294221765     0.2848790885           0.555706
  930    2.7E-02   4.1E+01    4790   -6939.8141751909   359486.5400814965     0.0106593199           0.582615
  931    2.7E-02   4.1E+01    4800   -6940.0740692756   359486.2801874117    -0.2598940847           0.127141
  932    2.7E-02   4.0E+01    4810   -6939.7994988020   359486.5547578853     0.2745704736           0.313368
  933    2.5E-02   3.8E+01    4810   -6939.7524024881   359486.6018541993     0.0470963140           0.432372
  934    2.6E-02   3.8E+01    4820   -6940.1987469136   359486.1555097737    -0.4463444256           0.273159
  935    2.7E-02   4.1E+01    4830   -6939.8664775306   359486.4877791568     0.3322693831           0.366615
  936    2.7E-02   3.9E+01    4830   -6939.8145135912   359486.5397430962     0.0519639394           0.689691
  937    2.6E-02   3.8E+01    4830   -6939.6912463138   359486.6630103735     0.1232672773           0.350181
  938    2.5E-02   3.9E+01    4830   -6939.9638813741   359486.3903753132    -0.2726350603           0.462866
  939    2.5E-02   3.8E+01    4840   -6939.5132608487   359486.8409958386     0.4506205254           0.232479
  940    2.5E-02   3.9E+01    4840   -6940.0124633960   359486.3417932913    -0.4992025473           0.427525
  941    2.7E-02   3.9E+01    4850   -6940.0890852951   359486.2651713922    -0.0766218991           0.521603
  942    2.5E-02   3.9E+01    4850   -6939.8385402767   359486.5157164106     0.2505450184           0.441729
  943    2.6E-02   3.9E+01    4850   -6939.7749209655   359486.5793357218     0.0636193112           0.407717
  944    2.5E-02   3.9E+01    4860   -6939.8430603350   359486.5111963523    -0.0681393695           0.453756
  945    2.5E-02   3.9E+01    4860   -6939.4256438724   359486.9286128149     0.4174164626           0.990928
  946    2.5E-02   3.9E+01    4860   -6939.8632227783   359486.4910339091    -0.4375789059           0.636458
  947    2.6E-02   3.9E+01    4860   -6939.5927824918   359486.7614741956     0.2704402865           0.686462
  948    2.7E-02   3.9E+01    4860   -6939.8310145491   359486.5232421383    -0.2382320573           1.285014
  949    2.5E-02   3.9E+01    4870   -6939.5674500518   359486.7868066356     0.2635644973           0.536051
  950    2.5E-02   3.9E+01    4870   -6939.7264337709   359486.6278229165    -0.1589837191           1.136063
  951    2.7E-02   4.1E+01    4870   -6939.7756121759   359486.5786445115    -0.0491784050           0.660218
  952    2.7E-02   4.1E+01    4870   -6939.8811070909   359486.4731495964    -0.1054949150           0.489835
  953    2.7E-02   4.2E+01    4880   -6939.5300127852   359486.8242439022     0.3510943057           0.367885
  954    2.7E-02   4.3E+01    4880   -6939.7988652861   359486.5553914012    -0.2688525010           0.294510
  955    2.7E-02   4.2E+01    4880   -6939.7527808822   359486.6014758052     0.0460844040           1.062820
  956    2.7E-02   4.1E+01    4880   -6939.9600837195   359486.3941729679    -0.2073028373           0.813341
  957    2.6E-02   3.9E+01    4890   -6939.9000246350   359486.4542320523     0.0600590844           0.479359
  958    2.7E-02   4.0E+01    4890   -6939.5091838113   359486.8450728760     0.3908408237           0.354740
  959    2.6E-02   4.0E+01    4890   -6939.6278491212   359486.7264075661    -0.1186653099           0.328717
  960    2.8E-02   4.2E+01    4890   -6940.4864554286   359485.8678012587    -0.8586063074           1.405728
  961    2.7E-02   4.0E+01    4900   -6939.6914710376   359486.6627856497     0.7949843910           0.675183
  962    2.5E-02   3.9E+01    4900   -6939.7962791390   359486.5579775483    -0.1048081014           0.150988
  963    2.5E-02   4.1E+01    4900   -6939.4378918437   359486.9163648436     0.3583872953           0.616217
  964    2.7E-02   4.1E+01    4900   -6939.9100978112   359486.4441588761    -0.4722059675           0.458515
  965    2.6E-02   4.2E+01    4900   -6939.9959105176   359486.3583461697    -0.0858127065           0.946126
  966    2.7E-02   4.2E+01    4910   -6940.2019816224   359486.1522750649    -0.2060711048           1.701671
  967    2.7E-02   4.3E+01    4920   -6939.9442608528   359486.4099958345     0.2577207696           0.347215
  968    2.8E-02   4.4E+01    4930   -6939.6990845750   359486.6551721123     0.2451762778           0.233100
  969    2.7E-02   4.2E+01    4930   -6939.4792965679   359486.8749601194     0.2197880070           0.322817
  970    2.7E-02   4.2E+01    4930   -6939.8664900293   359486.4877666580    -0.3871934614           0.762409
  971    2.7E-02   4.3E+01    4930   -6939.9790304608   359486.3752262266    -0.1125404314           0.615758
  972    2.7E-02   4.2E+01    4930   -6939.6778242553   359486.6764324321     0.3012062055           0.437776
  973    2.7E-02   4.2E+01    4930   -6940.1772790405   359486.1769776468    -0.4994547853           0.561696
  974    2.7E-02   4.2E+01    4940   -6939.8838513307   359486.4704053567     0.2934277098           0.706975
  975    2.7E-02   4.2E+01    4940   -6939.9343667836   359486.4198899037    -0.0505154530           0.499539
  976    2.7E-02   4.2E+01    4940   -6939.7254644495   359486.6287922378     0.2089023341           0.940283
  977    2.8E-02   4.2E+01    4940   -6939.9211301221   359486.4331265652    -0.1956656726           1.641078
  978    2.7E-02   4.2E+01    4940   -6939.5278883755   359486.8263683118     0.3932417466           0.613380
  979    2.7E-02   4.2E+01    4940   -6939.5917507880   359486.7625058994    -0.0638624125           1.268393
  980    2.7E-02   4.3E+01    4940   -6939.4967575957   359486.8574990917     0.0949931923           0.623892
  981    2.7E-02   4.2E+01    4940   -6939.4066679115   359486.9475887758     0.0900896842           0.484740
  982    2.8E-02   4.3E+01    4940   -6940.1699189837   359486.1843377036    -0.7632510722           0.918027
  983    2.7E-02   4.2E+01    4950   -6940.3507727545   359486.0034839329    -0.1808537708           0.627509
  984    2.7E-02   4.2E+01    4960   -6939.5180066243   359486.8362500630     0.8327661302           0.596907
  985    2.6E-02   4.2E+01    4960   -6939.8629545308   359486.4913021565    -0.3449479065           0.166608
  986    2.7E-02   4.2E+01    4960   -6939.3023647644   359487.0518919229     0.5605897664           1.799297
  987    2.7E-02   4.2E+01    4960   -6940.1048664153   359486.2493902721    -0.8025016508           0.719034
  988    2.7E-02   4.2E+01    4970   -6939.9829899678   359486.3712667195     0.1218764475           0.785180
  989    2.7E-02   4.2E+01    4980   -6940.0371792324   359486.3170774549    -0.0541892646           0.129891
  990    2.7E-02   4.3E+01    4990   -6940.0455870745   359486.3086696129    -0.0084078420           0.523078
  991    2.8E-02   4.3E+01    5000   -6939.7981474680   359486.5561092193     0.2474396064           1.231326
  992    2.8E-02   4.3E+01    5010   -6939.7667840118   359486.5874726756     0.0313634563           0.815680
  993    2.6E-02   4.3E+01    5010   -6940.0507646399   359486.3034920475    -0.2839806281           0.325241
  994    2.7E-02   4.3E+01    5020   -6940.0948669153   359486.2593897721    -0.0441022754           0.467291
  995    2.7E-02   4.3E+01    5030   -6940.0763083808   359486.2779483066     0.0185585345           1.099297
  996    2.7E-02   4.3E+01    5040   -6940.2223174393   359486.1319392481    -0.1460090585           0.698036
  997    2.7E-02   4.3E+01    5050   -6939.9688551205   359486.3854015669     0.2534623188           0.750422
  998    2.7E-02   4.3E+01    5060   -6940.0539502778   359486.3003064095    -0.0850951573           0.246280
  999    2.7E-02   4.3E+01    5070   -6939.6942659981   359486.6599906893     0.3596842797           0.250121
 1000    2.8E-02   4.3E+01    5080   -6939.8098610866   359486.5443956008    -0.1155950885           0.448454
 1001    2.8E-02   4.4E+01    5080   -6940.2789162778   359486.0753404096    -0.4690551912           0.513671

          ------------------------------
          EXCESSIVE NUMBER OF ITERATIONS
          ------------------------------

  **************************************************
  *         No. EXTERNAL ITER =  1001              *
  *         No. of TOTAL ITER =******              *
  **************************************************

  Elapsed real time :  20706.95  (Seconds)

 The execution finished at 16h  4min on the 11/28/2024
